,Descrição,Questão_d
TX_RESP_Q001_A,Qual é o seu sexo? R: M,TX_RESP_Q001_A
TX_RESP_Q003_L,Você poderia nos dizer qual é o mês de seu aniversário? R: Dez,TX_RESP_Q003_L
TX_RESP_Q003_J,Você poderia nos dizer qual é o mês de seu aniversário? R: Out,TX_RESP_Q003_J
TX_RESP_Q003_I,Você poderia nos dizer qual é o mês de seu aniversário? R: Set,TX_RESP_Q003_I
TX_RESP_Q003_H,Você poderia nos dizer qual é o mês de seu aniversário? R: Ag,TX_RESP_Q003_H
TX_RESP_Q003_G,Você poderia nos dizer qual é o mês de seu aniversário? R: Jul,TX_RESP_Q003_G
TX_RESP_Q003_F,Você poderia nos dizer qual é o mês de seu aniversário? R: Jun,TX_RESP_Q003_F
TX_RESP_Q003_E,Você poderia nos dizer qual é o mês de seu aniversário? R: Maio,TX_RESP_Q003_E
TX_RESP_Q003_D,Você poderia nos dizer qual é o mês de seu aniversário? R: Abril,TX_RESP_Q003_D
TX_RESP_Q003_C,Você poderia nos dizer qual é o mês de seu aniversário? R: Mar,TX_RESP_Q003_C
TX_RESP_Q003_B,Você poderia nos dizer qual é o mês de seu aniversário? R: Fev,TX_RESP_Q003_B
TX_RESP_Q003_A,Você poderia nos dizer qual é o mês de seu aniversário? R: Jan,TX_RESP_Q003_A
TX_RESP_Q004_H,Em que ano você nasceu? R: 1995 ou antes,TX_RESP_Q004_H
TX_RESP_Q004_G,Em que ano você nasceu? R: 1996,TX_RESP_Q004_G
TX_RESP_Q004_F,Em que ano você nasceu? R: 1997,TX_RESP_Q004_F
TX_RESP_Q004_E,Em que ano você nasceu? R: 1998,TX_RESP_Q004_E
TX_RESP_Q004_D,Em que ano você nasceu? R: 1999,TX_RESP_Q004_D
TX_RESP_Q004_C,Em que ano você nasceu? R: 2000,TX_RESP_Q004_C
TX_RESP_Q004_B,Em que ano você nasceu? R: 2001,TX_RESP_Q004_B
TX_RESP_Q004_A,Em que ano você nasceu? R: 2002 ou depois,TX_RESP_Q004_A
TX_RESP_Q023_G,"Até que série seu pai, ou o homem responsável por você, estudou? R:  Completou o Ensino Médio",TX_RESP_Q023_G
TX_RESP_Q023_F,"Até que série seu pai, ou o homem responsável por você, estudou? R: mas não completou o Ensino Médio. ",TX_RESP_Q023_F
TX_RESP_Q023_E,"Até que série seu pai, ou o homem responsável por você, estudou? R: Completou a 8.ª série/9.º ano do Ensino Fundamental",TX_RESP_Q023_E
TX_RESP_Q023_D,"Até que série seu pai, ou o homem responsável por você, estudou? R: mas não completou a 8.ª série/9.º ano do Ensino Fundamental.",TX_RESP_Q023_D
TX_RESP_Q023_C,"Até que série seu pai, ou o homem responsável por você, estudou? R: Completou a 4.ª série/5.º ano",TX_RESP_Q023_C
TX_RESP_Q023_B,"Até que série seu pai, ou o homem responsável por você, estudou? R: Não completou a 4.ª série/5.º ano do Ensino Fundamental",TX_RESP_Q023_B
TX_RESP_Q023_A,"Até que série seu pai, ou o homem responsável por você, estudou? R: Nunca estudou",TX_RESP_Q023_A
TX_RESP_Q019_G,"Até que série sua mãe, ou a mulher responsável por
você, estudou? R:  Completou o Ensino Médio",TX_RESP_Q019_G
TX_RESP_Q019_F,"Até que série sua mãe, ou a mulher responsável por
você, estudou? R: mas não completou o Ensino Médio. ",TX_RESP_Q019_F
TX_RESP_Q019_E,"Até que série sua mãe, ou a mulher responsável por
você, estudou? R: Completou a 8.ª série/9.º ano do Ensino Fundamental",TX_RESP_Q019_E
TX_RESP_Q019_D,"Até que série sua mãe, ou a mulher responsável por
você, estudou? R: mas não completou a 8.ª série/9.º ano do Ensino Fundamental.",TX_RESP_Q019_D
TX_RESP_Q019_C,"Até que série sua mãe, ou a mulher responsável por
você, estudou? R: Completou a 4.ª série/5.º ano",TX_RESP_Q019_C
TX_RESP_Q019_B,"Até que série sua mãe, ou a mulher responsável por
você, estudou? R: Não completou a 4.ª série/5.º ano do Ensino Fundamental",TX_RESP_Q019_B
TX_RESP_Q019_A,"Até que série sua mãe, ou a mulher responsável por
você, estudou? R: Nunca estudou",TX_RESP_Q019_A
TX_RESP_Q016_F,"Incluindo você, quantas pessoas vivem atualmente em
sua casa? R: Seis ou mais",TX_RESP_Q016_F
TX_RESP_Q016_E,"Incluindo você, quantas pessoas vivem atualmente em
sua casa? R: Cinco",TX_RESP_Q016_E
TX_RESP_Q016_D,"Incluindo você, quantas pessoas vivem atualmente em
sua casa? R: Quatro",TX_RESP_Q016_D
TX_RESP_Q016_C,"Incluindo você, quantas pessoas vivem atualmente em
sua casa? R: Três",TX_RESP_Q016_C
TX_RESP_Q016_B,"Incluindo você, quantas pessoas vivem atualmente em
sua casa? R: Duas",TX_RESP_Q016_B
TX_RESP_Q016_A,"Incluindo você, quantas pessoas vivem atualmente em
sua casa? R: Uma",TX_RESP_Q016_A
TX_RESP_Q002_F,Qual é a sua cor ou raça? R: Não Declarou,TX_RESP_Q002_F
TX_RESP_Q002_E,Qual é a sua cor ou raça? R: Indígena,TX_RESP_Q002_E
TX_RESP_Q002_D,Qual é a sua cor ou raça? R: Amarela,TX_RESP_Q002_D
TX_RESP_Q002_C,Qual é a sua cor ou raça? R: Parda,TX_RESP_Q002_C
TX_RESP_Q002_B,Qual é a sua cor ou raça? R: Preta,TX_RESP_Q002_B
TX_RESP_Q002_A,Qual é a sua cor ou raça? R: Branca,TX_RESP_Q002_A
TX_RESP_Q037_E,"Em dias de aula, quanto tempo você gasta fazendo trabalhos domésticos
(ex.: lavando louça, limpando o quintal etc.)? R: Não realizo",TX_RESP_Q037_E
TX_RESP_Q037_D,"Em dias de aula, quanto tempo você gasta fazendo trabalhos domésticos
(ex.: lavando louça, limpando o quintal etc.)? R: Mais de 3 horas",TX_RESP_Q037_D
TX_RESP_Q037_C,"Em dias de aula, quanto tempo você gasta fazendo trabalhos domésticos
(ex.: lavando louça, limpando o quintal etc.)? R: Entre 2 e 3 horas",TX_RESP_Q037_C
TX_RESP_Q037_B,"Em dias de aula, quanto tempo você gasta fazendo trabalhos domésticos
(ex.: lavando louça, limpando o quintal etc.)? R: Entre 1 e 2 horas",TX_RESP_Q037_B
TX_RESP_Q037_A,"Em dias de aula, quanto tempo você gasta fazendo trabalhos domésticos
(ex.: lavando louça, limpando o quintal etc.)? R: Menos de 1 hora",TX_RESP_Q037_A
TX_RESP_Q036_E,"Em dias de aula, quanto tempo você gasta assistindo à TV, navegando na internet ou jogando jogos eletrônicos? R: Não utiliza",TX_RESP_Q036_E
TX_RESP_Q036_D,"Em dias de aula, quanto tempo você gasta assistindo à TV, navegando na internet ou jogando jogos eletrônicos? R: Mais de 3 horas",TX_RESP_Q036_D
TX_RESP_Q036_C,"Em dias de aula, quanto tempo você gasta assistindo à TV, navegando na internet ou jogando jogos eletrônicos? R: Entre 2 e 3 horas",TX_RESP_Q036_C
TX_RESP_Q036_B,"Em dias de aula, quanto tempo você gasta assistindo à TV, navegando na internet ou jogando jogos eletrônicos? R: Entre 1 e 2 horas",TX_RESP_Q036_B
TX_RESP_Q036_A,"Em dias de aula, quanto tempo você gasta assistindo à TV, navegando na internet ou jogando jogos eletrônicos? R: Menos de 1 hora",TX_RESP_Q036_A
TX_RESP_Q017_E,"Em sua casa trabalha empregado(a) doméstico(a) pelo
menos cinco dias por semana? R: Quatro ou mais",TX_RESP_Q017_E
TX_RESP_Q017_D,"Em sua casa trabalha empregado(a) doméstico(a) pelo
menos cinco dias por semana? R: Três",TX_RESP_Q017_D
TX_RESP_Q017_C,"Em sua casa trabalha empregado(a) doméstico(a) pelo
menos cinco dias por semana? R: Dois",TX_RESP_Q017_C
TX_RESP_Q017_B,"Em sua casa trabalha empregado(a) doméstico(a) pelo
menos cinco dias por semana? R: Um",TX_RESP_Q017_B
TX_RESP_Q017_A,"Em sua casa trabalha empregado(a) doméstico(a) pelo
menos cinco dias por semana? R: Não",TX_RESP_Q017_A
TX_RESP_Q015_E,"Na sua casa tem quartos para dormir? R: Quatro
ou mais",TX_RESP_Q015_E
TX_RESP_Q015_D,Na sua casa tem quartos para dormir? R: Três,TX_RESP_Q015_D
TX_RESP_Q015_C,Na sua casa tem quartos para dormir? R: Duas,TX_RESP_Q015_C
TX_RESP_Q015_B,Na sua casa tem quartos para dormir? R: Uma,TX_RESP_Q015_B
TX_RESP_Q015_A,Na sua casa tem quartos para dormir? R: Não tem,TX_RESP_Q015_A
TX_RESP_Q014_E,". Na sua casa tem banheiro? R: Quatro
ou mais",TX_RESP_Q014_E
TX_RESP_Q014_D,. Na sua casa tem banheiro? R: Três,TX_RESP_Q014_D
TX_RESP_Q014_C,. Na sua casa tem banheiro? R: Duas,TX_RESP_Q014_C
TX_RESP_Q014_B,. Na sua casa tem banheiro? R: Uma,TX_RESP_Q014_B
TX_RESP_Q014_A,. Na sua casa tem banheiro? R: Não tem,TX_RESP_Q014_A
TX_RESP_Q013_E,"Na sua casa tem computador? R: Quatro
ou mais",TX_RESP_Q013_E
TX_RESP_Q013_D,Na sua casa tem computador? R: Três,TX_RESP_Q013_D
TX_RESP_Q013_C,Na sua casa tem computador? R: Duas,TX_RESP_Q013_C
TX_RESP_Q013_B,Na sua casa tem computador? R: Uma,TX_RESP_Q013_B
TX_RESP_Q013_A,Na sua casa tem computador? R: Não tem,TX_RESP_Q013_A
TX_RESP_Q012_E,"Na sua casa tem carro? R: Quatro
ou mais",TX_RESP_Q012_E
TX_RESP_Q012_D,Na sua casa tem carro? R: Três,TX_RESP_Q012_D
TX_RESP_Q012_C,Na sua casa tem carro? R: Duas,TX_RESP_Q012_C
TX_RESP_Q012_B,Na sua casa tem carro? R: Uma,TX_RESP_Q012_B
TX_RESP_Q012_A,Na sua casa tem carro? R: Não tem,TX_RESP_Q012_A
TX_RESP_Q011_E,". Na sua casa tem máquina de lavar roupa (O tanquinho
NÃO deve ser considerado)? R: Quatro
ou mais",TX_RESP_Q011_E
TX_RESP_Q011_D,". Na sua casa tem máquina de lavar roupa (O tanquinho
NÃO deve ser considerado)? R: Três",TX_RESP_Q011_D
TX_RESP_Q011_C,". Na sua casa tem máquina de lavar roupa (O tanquinho
NÃO deve ser considerado)? R: Duas",TX_RESP_Q011_C
TX_RESP_Q011_B,". Na sua casa tem máquina de lavar roupa (O tanquinho
NÃO deve ser considerado)? R: Uma",TX_RESP_Q011_B
TX_RESP_Q011_A,". Na sua casa tem máquina de lavar roupa (O tanquinho
NÃO deve ser considerado)? R: Não tem",TX_RESP_Q011_A
TX_RESP_Q010_E,"Na sua casa tem freezer separado da geladeira? R: Quatro
ou mais",TX_RESP_Q010_E
TX_RESP_Q010_D,Na sua casa tem freezer separado da geladeira? R: Três,TX_RESP_Q010_D
TX_RESP_Q010_C,Na sua casa tem freezer separado da geladeira? R: Duas,TX_RESP_Q010_C
TX_RESP_Q010_B,Na sua casa tem freezer separado da geladeira? R: Uma,TX_RESP_Q010_B
TX_RESP_Q010_A,Na sua casa tem freezer separado da geladeira? R: Não tem,TX_RESP_Q010_A
TX_RESP_Q009_E,"Na sua casa tem freezer (parte da geladeira duplex)? R: Quatro
ou mais",TX_RESP_Q009_E
TX_RESP_Q009_D,Na sua casa tem freezer (parte da geladeira duplex)? R: Três,TX_RESP_Q009_D
TX_RESP_Q009_C,Na sua casa tem freezer (parte da geladeira duplex)? R: Duas,TX_RESP_Q009_C
TX_RESP_Q009_B,Na sua casa tem freezer (parte da geladeira duplex)? R: Uma,TX_RESP_Q009_B
TX_RESP_Q009_A,Na sua casa tem freezer (parte da geladeira duplex)? R: Não tem,TX_RESP_Q009_A
TX_RESP_Q008_E,"Na sua casa tem geladeira? R: Quatro
ou mais",TX_RESP_Q008_E
TX_RESP_Q008_D,Na sua casa tem geladeira? R: Três,TX_RESP_Q008_D
TX_RESP_Q008_C,Na sua casa tem geladeira? R: Duas,TX_RESP_Q008_C
TX_RESP_Q008_B,Na sua casa tem geladeira? R: Uma,TX_RESP_Q008_B
TX_RESP_Q008_A,Na sua casa tem geladeira? R: Não tem,TX_RESP_Q008_A
TX_RESP_Q007_E,"Na sua casa tem videocassete e/ou DVD? R: Quatro
ou mais",TX_RESP_Q007_E
TX_RESP_Q007_D,Na sua casa tem videocassete e/ou DVD? R: Três,TX_RESP_Q007_D
TX_RESP_Q007_C,Na sua casa tem videocassete e/ou DVD? R: Duas,TX_RESP_Q007_C
TX_RESP_Q007_B,Na sua casa tem videocassete e/ou DVD? R: Uma,TX_RESP_Q007_B
TX_RESP_Q007_A,Na sua casa tem videocassete e/ou DVD? R: Não tem,TX_RESP_Q007_A
TX_RESP_Q006_E,"Na sua casa tem aparelho de rádio? R: Quatro
ou mais",TX_RESP_Q006_E
TX_RESP_Q006_D,Na sua casa tem aparelho de rádio? R: Três,TX_RESP_Q006_D
TX_RESP_Q006_C,Na sua casa tem aparelho de rádio? R: Duas,TX_RESP_Q006_C
TX_RESP_Q006_B,Na sua casa tem aparelho de rádio? R: Uma,TX_RESP_Q006_B
TX_RESP_Q006_A,Na sua casa tem aparelho de rádio? R: Não tem,TX_RESP_Q006_A
TX_RESP_Q005_E,"Na sua casa tem televisão em cores? R: Quatro
ou mais",TX_RESP_Q005_E
TX_RESP_Q005_D,Na sua casa tem televisão em cores? R: Três,TX_RESP_Q005_D
TX_RESP_Q005_C,Na sua casa tem televisão em cores? R: Duas,TX_RESP_Q005_C
TX_RESP_Q005_B,Na sua casa tem televisão em cores? R: Uma,TX_RESP_Q005_B
TX_RESP_Q005_A,Na sua casa tem televisão em cores? R: Não tem,TX_RESP_Q005_A
TX_RESP_Q060_D,Você utiliza a biblioteca ou sala de leitura da sua escola? R: A escola não possui,TX_RESP_Q060_D
TX_RESP_Q060_C,Você utiliza a biblioteca ou sala de leitura da sua escola? R: Nunca ou quase nunca,TX_RESP_Q060_C
TX_RESP_Q060_B,Você utiliza a biblioteca ou sala de leitura da sua escola? R: De vez em quando,TX_RESP_Q060_B
TX_RESP_Q060_A,Você utiliza a biblioteca ou sala de leitura da sua escola? R: Sempre ou Quase Sempre,TX_RESP_Q060_A
TX_RESP_Q059_D,O(A) professor(a) corrige o dever de casa de Matemática? R: O prof não passa dever de casa,TX_RESP_Q059_D
TX_RESP_Q059_C,O(A) professor(a) corrige o dever de casa de Matemática? R: Nunca ou quase nunca,TX_RESP_Q059_C
TX_RESP_Q059_B,O(A) professor(a) corrige o dever de casa de Matemática? R: De vez em quando,TX_RESP_Q059_B
TX_RESP_Q059_A,O(A) professor(a) corrige o dever de casa de Matemática? R: Sempre ou Quase Sempre,TX_RESP_Q059_A
TX_RESP_Q053_D,Você faz o dever de casa de Matemática? R: O prof não passa dever de casa,TX_RESP_Q053_D
TX_RESP_Q053_C,Você faz o dever de casa de Matemática? R: Nunca ou quase nunca,TX_RESP_Q053_C
TX_RESP_Q053_B,Você faz o dever de casa de Matemática? R: De vez em quando,TX_RESP_Q053_B
TX_RESP_Q053_A,Você faz o dever de casa de Matemática? R: Sempre ou Quase Sempre,TX_RESP_Q053_A
TX_RESP_Q051_D,O(A) professor(a) corrige o dever de casa de Língua Portuguesa? R: O prof não passa dever de casa,TX_RESP_Q051_D
TX_RESP_Q051_C,O(A) professor(a) corrige o dever de casa de Língua Portuguesa? R: Nunca ou quase nunca,TX_RESP_Q051_C
TX_RESP_Q051_B,O(A) professor(a) corrige o dever de casa de Língua Portuguesa? R: De vez em quando,TX_RESP_Q051_B
TX_RESP_Q051_A,O(A) professor(a) corrige o dever de casa de Língua Portuguesa? R: Sempre ou Quase Sempre,TX_RESP_Q051_A
TX_RESP_Q045_D,Você faz o dever de casa de Língua Portuguesa? R: O prof não passa dever de casa,TX_RESP_Q045_D
TX_RESP_Q045_C,Você faz o dever de casa de Língua Portuguesa? R: Nunca ou quase nunca,TX_RESP_Q045_C
TX_RESP_Q045_B,Você faz o dever de casa de Língua Portuguesa? R: De vez em quando,TX_RESP_Q045_B
TX_RESP_Q045_A,Você faz o dever de casa de Língua Portuguesa? R: Sempre ou Quase Sempre,TX_RESP_Q045_A
TX_RESP_Q039_D,. Quando você começou a estudar? R: Depois da primeira série ou primeiro ano ,TX_RESP_Q039_D
TX_RESP_Q039_C,. Quando você começou a estudar? R: Na primeira série ou primeiro ano (6 a 7 anos),TX_RESP_Q039_C
TX_RESP_Q039_B,. Quando você começou a estudar? R:  Na pré-escola (4 a 5 anos),TX_RESP_Q039_B
TX_RESP_Q039_A,. Quando você começou a estudar? R:  Na creche (0 a 3 anos),TX_RESP_Q039_A
TX_RESP_Q058_C,"O que você consulta para fazer o dever de
casa de Matemática? Sites da internet R: O prof não passa dever de casa",TX_RESP_Q058_C
TX_RESP_Q058_B,"O que você consulta para fazer o dever de
casa de Matemática? Sites da internet R: Não",TX_RESP_Q058_B
TX_RESP_Q058_A,"O que você consulta para fazer o dever de
casa de Matemática? Sites da internet R: Sim",TX_RESP_Q058_A
TX_RESP_Q057_C,"O que você consulta para fazer o dever de
casa de Matemática? Revistas e jornais R: O prof não passa dever de casa",TX_RESP_Q057_C
TX_RESP_Q057_B,"O que você consulta para fazer o dever de
casa de Matemática? Revistas e jornais R: Não",TX_RESP_Q057_B
TX_RESP_Q057_A,"O que você consulta para fazer o dever de
casa de Matemática? Revistas e jornais R: Sim",TX_RESP_Q057_A
TX_RESP_Q056_C,"O que você consulta para fazer o dever de
casa de Matemática? Material complementar R: O prof não passa dever de casa",TX_RESP_Q056_C
TX_RESP_Q056_B,"O que você consulta para fazer o dever de
casa de Matemática? Material complementar R: Não",TX_RESP_Q056_B
TX_RESP_Q056_A,"O que você consulta para fazer o dever de
casa de Matemática? Material complementar R: Sim",TX_RESP_Q056_A
TX_RESP_Q055_C,"O que você consulta para fazer o dever de
casa de Matemática? Livros didáticos. R: O prof não passa dever de casa",TX_RESP_Q055_C
TX_RESP_Q055_B,"O que você consulta para fazer o dever de
casa de Matemática? Livros didáticos. R: Não",TX_RESP_Q055_B
TX_RESP_Q055_A,"O que você consulta para fazer o dever de
casa de Matemática? Livros didáticos. R: Sim",TX_RESP_Q055_A
TX_RESP_Q054_C,"O que você consulta para fazer o dever de
casa de Matemática? Caderno R: O prof não passa dever de casa",TX_RESP_Q054_C
TX_RESP_Q054_B,"O que você consulta para fazer o dever de
casa de Matemática? Caderno R: Não",TX_RESP_Q054_B
TX_RESP_Q054_A,"O que você consulta para fazer o dever de
casa de Matemática? Caderno R: Sim",TX_RESP_Q054_A
TX_RESP_Q050_C,"O que você consulta para fazer o dever de
casa de Língua Portuguesa? Sites da internet. R: O prof não passa dever de casa",TX_RESP_Q050_C
TX_RESP_Q050_B,"O que você consulta para fazer o dever de
casa de Língua Portuguesa? Sites da internet. R: Não",TX_RESP_Q050_B
TX_RESP_Q050_A,"O que você consulta para fazer o dever de
casa de Língua Portuguesa? Sites da internet. R: Sim",TX_RESP_Q050_A
TX_RESP_Q049_C,"O que você consulta para fazer o dever de
casa de Língua Portuguesa? Livros ou enciclopédias. R: O prof não passa dever de casa",TX_RESP_Q049_C
TX_RESP_Q049_B,"O que você consulta para fazer o dever de
casa de Língua Portuguesa? Livros ou enciclopédias. R: Não",TX_RESP_Q049_B
TX_RESP_Q049_A,"O que você consulta para fazer o dever de
casa de Língua Portuguesa? Livros ou enciclopédias. R: Sim",TX_RESP_Q049_A
TX_RESP_Q048_C,"O que você consulta para fazer o dever de
casa de Língua Portuguesa? Livros didáticos R: O prof não passa dever de casa",TX_RESP_Q048_C
TX_RESP_Q048_B,"O que você consulta para fazer o dever de
casa de Língua Portuguesa? Livros didáticos R: Não",TX_RESP_Q048_B
TX_RESP_Q048_A,"O que você consulta para fazer o dever de
casa de Língua Portuguesa? Livros didáticos R: Sim",TX_RESP_Q048_A
TX_RESP_Q047_C,"O que você consulta para fazer o dever de
casa de Língua Portuguesa? Revistas de informação geral. R: O prof não passa dever de casa",TX_RESP_Q047_C
TX_RESP_Q047_B,"O que você consulta para fazer o dever de
casa de Língua Portuguesa? Revistas de informação geral. R: Não",TX_RESP_Q047_B
TX_RESP_Q047_A,"O que você consulta para fazer o dever de
casa de Língua Portuguesa? Revistas de informação geral. R: Sim",TX_RESP_Q047_A
TX_RESP_Q046_C,"O que você consulta para fazer o dever de
casa de Língua Portuguesa? Jornais. R: O prof não passa dever de casa",TX_RESP_Q046_C
TX_RESP_Q046_B,"O que você consulta para fazer o dever de
casa de Língua Portuguesa? Jornais. R: Não",TX_RESP_Q046_B
TX_RESP_Q046_A,"O que você consulta para fazer o dever de
casa de Língua Portuguesa? Jornais. R: Sim",TX_RESP_Q046_A
TX_RESP_Q042_C,"Você já abandonou a escola durante o período de aulas e ficou fora
da escola o resto do ano? R: Duas vezes ou mais",TX_RESP_Q042_C
TX_RESP_Q042_B,"Você já abandonou a escola durante o período de aulas e ficou fora
da escola o resto do ano? R: Uma vez",TX_RESP_Q042_B
TX_RESP_Q042_A,"Você já abandonou a escola durante o período de aulas e ficou fora
da escola o resto do ano? R: Não",TX_RESP_Q042_A
TX_RESP_Q041_C,Você já foi reprovado? R: Duas vezes ou mais,TX_RESP_Q041_C
TX_RESP_Q041_B,Você já foi reprovado? R: Uma vez,TX_RESP_Q041_B
TX_RESP_Q041_A,Você já foi reprovado? R: Não,TX_RESP_Q041_A
TX_RESP_Q040_C,"A partir da primeira série do Ensino Médio, em que tipo de escola
você estudou? R:  Em escola pública e em escola particular. ",TX_RESP_Q040_C
TX_RESP_Q040_B,"A partir da primeira série do Ensino Médio, em que tipo de escola
você estudou? R:  Somente em escola particular.",TX_RESP_Q040_B
TX_RESP_Q040_A,"A partir da primeira série do Ensino Médio, em que tipo de escola
você estudou? R: Somente em escola pública",TX_RESP_Q040_A
TX_RESP_Q035_C,Com qual frequência você lê: Notícias e/ou textos na internet R: Nunca ou quase nunca,TX_RESP_Q035_C
TX_RESP_Q035_B,Com qual frequência você lê: Notícias e/ou textos na internet R: De vez em quando,TX_RESP_Q035_B
TX_RESP_Q035_A,Com qual frequência você lê: Notícias e/ou textos na internet R: Sempre ou Quase Sempre,TX_RESP_Q035_A
TX_RESP_Q034_C,Com qual frequência você lê: Livros em geral. R: Nunca ou quase nunca,TX_RESP_Q034_C
TX_RESP_Q034_B,Com qual frequência você lê: Livros em geral. R: De vez em quando,TX_RESP_Q034_B
TX_RESP_Q034_A,Com qual frequência você lê: Livros em geral. R: Sempre ou Quase Sempre,TX_RESP_Q034_A
TX_RESP_Q033_C,Com qual frequência você lê: Gibis R: Nunca ou quase nunca,TX_RESP_Q033_C
TX_RESP_Q033_B,Com qual frequência você lê: Gibis R: De vez em quando,TX_RESP_Q033_B
TX_RESP_Q033_A,Com qual frequência você lê: Gibis R: Sempre ou Quase Sempre,TX_RESP_Q033_A
TX_RESP_Q032_C,Com qual frequência você lê: Revistas informativas em geral. R: Nunca ou quase nunca,TX_RESP_Q032_C
TX_RESP_Q032_B,Com qual frequência você lê: Revistas informativas em geral. R: De vez em quando,TX_RESP_Q032_B
TX_RESP_Q032_A,Com qual frequência você lê: Revistas informativas em geral. R: Sempre ou Quase Sempre,TX_RESP_Q032_A
TX_RESP_Q026_C,"Com qual frequência seus pais, ou responsáveis por você, vão à
reunião de pais? R: Nunca ou quase nunca",TX_RESP_Q026_C
TX_RESP_Q026_B,"Com qual frequência seus pais, ou responsáveis por você, vão à
reunião de pais? R: De vez em quando",TX_RESP_Q026_B
TX_RESP_Q026_A,"Com qual frequência seus pais, ou responsáveis por você, vão à
reunião de pais? R: Sempre ou Quase Sempre",TX_RESP_Q026_A
TX_RESP_Q022_C,Você mora com seu pai? R: Outro Homem,TX_RESP_Q022_C
TX_RESP_Q022_B,Você mora com seu pai? R: Não,TX_RESP_Q022_B
TX_RESP_Q022_A,Você mora com seu pai? R: Sim,TX_RESP_Q022_A
TX_RESP_Q018_C,Você mora com sua mãe? R: Outra Mulher,TX_RESP_Q018_C
TX_RESP_Q018_B,Você mora com sua mãe? R: Não,TX_RESP_Q018_B
TX_RESP_Q018_A,Você mora com sua mãe? R: Sim,TX_RESP_Q018_A
TX_RESP_Q052_B,Você gosta de estudar Matemática? R: Não,TX_RESP_Q052_B
TX_RESP_Q052_A,Você gosta de estudar Matemática? R: Sim,TX_RESP_Q052_A
TX_RESP_Q044_B,Você gosta de estudar Língua Portuguesa? R: Não,TX_RESP_Q044_B
TX_RESP_Q044_A,Você gosta de estudar Língua Portuguesa? R: Sim,TX_RESP_Q044_A
TX_RESP_Q043_B,"Você concluiu o Ensino Fundamental na Educação
de Jovens e Adultos(EJA), antigo supletivo? R: Não",TX_RESP_Q043_B
TX_RESP_Q043_A,"Você concluiu o Ensino Fundamental na Educação
de Jovens e Adultos(EJA), antigo supletivo? R: Sim",TX_RESP_Q043_A
TX_RESP_Q038_B,"Atualmente você trabalha fora de casa (recebendo
ou não um salário)? R: Não",TX_RESP_Q038_B
TX_RESP_Q038_A,"Atualmente você trabalha fora de casa (recebendo
ou não um salário)? R: Sim",TX_RESP_Q038_A
TX_RESP_Q031_B,"Seus pais ou responsáveis conversam com você
sobre o que acontece na escola? R: Não",TX_RESP_Q031_B
TX_RESP_Q031_A,"Seus pais ou responsáveis conversam com você
sobre o que acontece na escola? R: Sim",TX_RESP_Q031_A
TX_RESP_Q030_B,"Seus pais ou responsáveis incentivam você a ir à
escola e/ou não faltar às aulas? R: Não",TX_RESP_Q030_B
TX_RESP_Q030_A,"Seus pais ou responsáveis incentivam você a ir à
escola e/ou não faltar às aulas? R: Sim",TX_RESP_Q030_A
TX_RESP_Q029_B,. Seus pais ou responsáveis incentivam você a ler? R: Não,TX_RESP_Q029_B
TX_RESP_Q029_A,. Seus pais ou responsáveis incentivam você a ler? R: Sim,TX_RESP_Q029_A
TX_RESP_Q028_B,"Seus pais ou responsáveis incentivam você a fazer o
dever de casa e/ou os trabalhos da escola? R: Não",TX_RESP_Q028_B
TX_RESP_Q028_A,"Seus pais ou responsáveis incentivam você a fazer o
dever de casa e/ou os trabalhos da escola? R: Sim",TX_RESP_Q028_A
TX_RESP_Q027_B,Seus pais ou responsáveis incentivam você a estudar? R: Não,TX_RESP_Q027_B
TX_RESP_Q027_A,Seus pais ou responsáveis incentivam você a estudar? R: Sim,TX_RESP_Q027_A
TX_RESP_Q025_B,"Você vê o seu pai, ou o homem responsável por você, lendo? R: Não",TX_RESP_Q025_B
TX_RESP_Q025_A,"Você vê o seu pai, ou o homem responsável por você, lendo? R: Sim",TX_RESP_Q025_A
TX_RESP_Q024_B,"Seu pai, ou o homem responsável por você, sabe ler e escrever? R: Não",TX_RESP_Q024_B
TX_RESP_Q024_A,"Seu pai, ou o homem responsável por você, sabe ler e escrever? R: Sim",TX_RESP_Q024_A
TX_RESP_Q021_B,". Você vê sua mãe, ou a mulher responsável por você, lendo? R: Não",TX_RESP_Q021_B
TX_RESP_Q021_A,". Você vê sua mãe, ou a mulher responsável por você, lendo? R: Sim",TX_RESP_Q021_A
TX_RESP_Q020_B,"Sua mãe, ou a mulher responsável por você, sabe ler e
escrever? R: Não",TX_RESP_Q020_B
TX_RESP_Q020_A,"Sua mãe, ou a mulher responsável por você, sabe ler e
escrever? R: Sim",TX_RESP_Q020_A
TX_RESP_Q001_B,Qual é o seu sexo? R: F,TX_RESP_Q001_B
