NU_ANO_CENSO,CO_ENTIDADE,NO_ENTIDADE,CO_ORGAO_REGIONAL,TP_SITUACAO_FUNCIONAMENTO,DT_ANO_LETIVO_INICIO,DT_ANO_LETIVO_TERMINO,CO_REGIAO,CO_MESORREGIAO,CO_MICRORREGIAO,CO_UF,CO_MUNICIPIO,CO_DISTRITO,TP_DEPENDENCIA,TP_LOCALIZACAO,TP_CATEGORIA_ESCOLA_PRIVADA,IN_CONVENIADA_PP,TP_CONVENIO_PODER_PUBLICO,IN_MANT_ESCOLA_PRIVADA_EMP,IN_MANT_ESCOLA_PRIVADA_ONG,IN_MANT_ESCOLA_PRIVADA_SIND,IN_MANT_ESCOLA_PRIVADA_SIST_S,IN_MANT_ESCOLA_PRIVADA_S_FINS,CO_ESCOLA_SEDE_VINCULADA,CO_IES_OFERTANTE,TP_REGULAMENTACAO,IN_LOCAL_FUNC_PREDIO_ESCOLAR,TP_OCUPACAO_PREDIO_ESCOLAR,IN_LOCAL_FUNC_SALAS_EMPRESA,IN_LOCAL_FUNC_SOCIOEDUCATIVO,IN_LOCAL_FUNC_UNID_PRISIONAL,IN_LOCAL_FUNC_PRISIONAL_SOCIO,IN_LOCAL_FUNC_TEMPLO_IGREJA,IN_LOCAL_FUNC_CASA_PROFESSOR,IN_LOCAL_FUNC_GALPAO,TP_OCUPACAO_GALPAO,IN_LOCAL_FUNC_SALAS_OUTRA_ESC,IN_LOCAL_FUNC_OUTROS,IN_PREDIO_COMPARTILHADO,IN_AGUA_FILTRADA,IN_AGUA_REDE_PUBLICA,IN_AGUA_POCO_ARTESIANO,IN_AGUA_CACIMBA,IN_AGUA_FONTE_RIO,IN_AGUA_INEXISTENTE,IN_ENERGIA_REDE_PUBLICA,IN_ENERGIA_GERADOR,IN_ENERGIA_OUTROS,IN_ENERGIA_INEXISTENTE,IN_ESGOTO_REDE_PUBLICA,IN_ESGOTO_FOSSA,IN_ESGOTO_INEXISTENTE,IN_LIXO_COLETA_PERIODICA,IN_LIXO_QUEIMA,IN_LIXO_JOGA_OUTRA_AREA,IN_LIXO_RECICLA,IN_LIXO_ENTERRA,IN_LIXO_OUTROS,IN_SALA_DIRETORIA,IN_SALA_PROFESSOR,IN_LABORATORIO_INFORMATICA,IN_LABORATORIO_CIENCIAS,IN_SALA_ATENDIMENTO_ESPECIAL,IN_QUADRA_ESPORTES_COBERTA,IN_QUADRA_ESPORTES_DESCOBERTA,IN_QUADRA_ESPORTES,IN_COZINHA,IN_BIBLIOTECA,IN_SALA_LEITURA,IN_BIBLIOTECA_SALA_LEITURA,IN_PARQUE_INFANTIL,IN_BERCARIO,IN_BANHEIRO_FORA_PREDIO,IN_BANHEIRO_DENTRO_PREDIO,IN_BANHEIRO_EI,IN_BANHEIRO_PNE,IN_DEPENDENCIAS_PNE,IN_SECRETARIA,IN_BANHEIRO_CHUVEIRO,IN_REFEITORIO,IN_DESPENSA,IN_ALMOXARIFADO,IN_AUDITORIO,IN_PATIO_COBERTO,IN_PATIO_DESCOBERTO,IN_ALOJAM_ALUNO,IN_ALOJAM_PROFESSOR,IN_AREA_VERDE,IN_LAVANDERIA,IN_DEPENDENCIAS_OUTRAS,NU_SALAS_EXISTENTES,NU_SALAS_UTILIZADAS,IN_EQUIP_TV,IN_EQUIP_VIDEOCASSETE,IN_EQUIP_DVD,IN_EQUIP_PARABOLICA,IN_EQUIP_COPIADORA,IN_EQUIP_RETROPROJETOR,IN_EQUIP_IMPRESSORA,IN_EQUIP_IMPRESSORA_MULT,IN_EQUIP_SOM,IN_EQUIP_MULTIMIDIA,IN_EQUIP_FAX,IN_EQUIP_FOTO,IN_COMPUTADOR,NU_EQUIP_TV,NU_EQUIP_VIDEOCASSETE,NU_EQUIP_DVD,NU_EQUIP_PARABOLICA,NU_EQUIP_COPIADORA,NU_EQUIP_RETROPROJETOR,NU_EQUIP_IMPRESSORA,NU_EQUIP_IMPRESSORA_MULT,NU_EQUIP_SOM,NU_EQUIP_MULTIMIDIA,NU_EQUIP_FAX,NU_EQUIP_FOTO,NU_COMPUTADOR,NU_COMP_ADMINISTRATIVO,NU_COMP_ALUNO,IN_INTERNET,IN_BANDA_LARGA,NU_FUNCIONARIOS,IN_ALIMENTACAO,TP_AEE,TP_ATIVIDADE_COMPLEMENTAR,IN_FUNDAMENTAL_CICLOS,TP_LOCALIZACAO_DIFERENCIADA,IN_MATERIAL_ESP_QUILOMBOLA,IN_MATERIAL_ESP_INDIGENA,IN_MATERIAL_ESP_NAO_UTILIZA,IN_EDUCACAO_INDIGENA,TP_INDIGENA_LINGUA,CO_LINGUA_INDIGENA,IN_BRASIL_ALFABETIZADO,IN_FINAL_SEMANA,IN_FORMACAO_ALTERNANCIA,IN_MEDIACAO_PRESENCIAL,IN_MEDIACAO_SEMIPRESENCIAL,IN_MEDIACAO_EAD,IN_ESPECIAL_EXCLUSIVA,IN_REGULAR,IN_EJA,IN_PROFISSIONALIZANTE,IN_COMUM_CRECHE,IN_COMUM_PRE,IN_COMUM_FUND_AI,IN_COMUM_FUND_AF,IN_COMUM_MEDIO_MEDIO,IN_COMUM_MEDIO_INTEGRADO,IN_COMUM_MEDIO_NORMAL,IN_ESP_EXCLUSIVA_CRECHE,IN_ESP_EXCLUSIVA_PRE,IN_ESP_EXCLUSIVA_FUND_AI,IN_ESP_EXCLUSIVA_FUND_AF,IN_ESP_EXCLUSIVA_MEDIO_MEDIO,IN_ESP_EXCLUSIVA_MEDIO_INTEGR,IN_ESP_EXCLUSIVA_MEDIO_NORMAL,IN_COMUM_EJA_FUND,IN_COMUM_EJA_MEDIO,IN_COMUM_EJA_PROF,IN_ESP_EXCLUSIVA_EJA_FUND,IN_ESP_EXCLUSIVA_EJA_MEDIO,IN_ESP_EXCLUSIVA_EJA_PROF,IN_COMUM_PROF,IN_ESP_EXCLUSIVA_PROF,QtdeDocentesComLicenciatura,QtdeDocentesAtendEsp,QtdeDocentesDivSocCult,QtdeDocentesEsp,QtdeDocentesMest,QtdeDocentesDout,QtdeDocentesSemPos,QtdeDocentesFCEM,QtdeDocentes,QtdeDocentesAuxAssist,QtdeDocentesMonit,QtdeDocentesEfetivos,QtdeDocentesTempo,QtdeDocentesTerceir,QtdeDocentesCLT,QtdeDocentesTotal,QtdeAlunosTotal,QtdeTurmasProf,RelAlunProf,Ideb-2017
2017,28017943,COLEGIO AMADEUS LTDA,0,1,16/01/2017,24/11/2017,2,2803,28011,28,2800308,280030805,4,1,1,0,,1,0,0,0,0,,,1,1,1,0,0,0,0,0,0,0,,0,0,0,1,1,0,0,0,0,1,0,0,0,1,0,0,1,0,0,1,0,0,1,1,1,1,0,1,0,1,1,1,1,1,1,0,0,1,1,1,1,1,1,0,0,1,1,1,0,0,0,1,0,0,53,53,1,0,0,0,1,1,1,1,1,1,0,1,1,4,0,0,0,4,20,7,4,3,20,0,3,80,32,80,1,1,226,0,0,0,0,0,0,0,1,0,,,0,1,0,1,0,0,0,1,0,0,1,1,1,1,1,0,0,0,0,0,0,0,0,0,0,0,0,0,0,0,0,0,40,0,0,16,3,0,27,1,45,0,0,0,0,0,45,45,345,45,7,6.9
2017,28010124,ESCOLA DE EDUCACAO BASICA MONSENHOR JOSE DE SOUZA SANTOS,2,1,01/02/2017,08/12/2017,2,2802,28005,28,2807402,280740205,4,1,1,0,,1,0,0,0,0,,,1,1,1,0,0,0,0,0,0,0,,0,0,0,1,1,0,0,0,0,1,0,0,0,1,0,0,1,0,0,0,0,0,1,1,0,1,1,1,0,1,1,1,1,1,1,0,0,1,1,1,1,1,1,0,0,1,1,1,1,0,0,0,1,0,22,22,1,0,1,0,1,0,1,1,1,1,0,0,1,10,0,7,0,1,0,8,3,1,9,0,0,8,4,2,1,1,85,0,1,0,1,0,0,0,1,0,,,0,0,0,1,0,0,0,1,0,0,1,1,1,1,1,0,0,0,0,0,0,0,0,0,0,0,0,0,0,0,0,0,23,0,0,5,0,0,19,3,24,0,0,0,0,0,24,24,103,24,4,6.6
2017,28018052,COLEGIO SANTANNA DE SERGIPE LTDA,0,1,09/01/2017,01/12/2017,2,2803,28011,28,2800308,280030805,4,1,1,0,,1,0,0,0,0,,,1,1,1,0,0,0,0,0,0,0,,0,0,0,1,1,0,0,0,0,1,0,0,0,1,0,0,1,0,0,0,0,0,1,1,1,1,0,1,0,1,1,1,0,1,1,0,0,1,1,1,1,1,1,0,0,1,0,1,0,0,0,1,0,0,35,35,1,0,1,0,1,0,1,1,1,1,1,1,1,14,0,2,0,3,0,3,3,10,17,3,2,70,24,46,1,1,125,0,0,0,1,0,0,0,1,0,,,0,0,0,1,0,0,0,1,0,0,0,1,1,1,1,0,0,0,0,0,0,0,0,0,0,0,0,0,0,0,0,0,16,0,0,5,0,0,12,1,17,0,0,0,0,0,17,17,89,17,5,6.4
2017,28032497,COLEGIO NOTA DEZ,3,1,23/01/2017,15/12/2017,2,2802,28004,28,2803906,280390605,4,1,1,0,,1,0,0,0,0,,,1,1,2,0,0,0,0,0,0,0,,0,0,0,1,1,0,0,0,0,1,0,0,0,1,1,0,1,0,0,0,0,0,1,1,1,0,0,0,0,0,0,0,1,1,0,0,0,1,1,1,1,1,1,0,0,1,0,0,0,0,0,0,0,0,9,9,1,0,1,0,1,0,1,1,1,1,0,1,1,6,0,2,0,2,0,2,2,1,1,0,4,2,1,1,1,1,28,0,0,0,0,0,0,0,1,0,,,0,0,0,1,0,0,0,1,0,0,0,1,1,1,1,0,0,0,0,0,0,0,0,0,0,0,0,0,0,0,0,0,11,0,0,2,1,0,5,0,11,0,0,0,0,0,11,11,21,11,1,6.1
2017,28017773,COL AMERICANO BATISTA,0,1,16/01/2017,01/12/2017,2,2803,28011,28,2800308,280030805,4,1,1,0,,0,0,0,0,1,,,1,1,1,0,0,0,0,0,0,0,,0,0,0,1,1,1,0,0,0,1,0,0,0,1,0,0,1,0,0,0,0,0,1,1,1,0,0,1,0,1,1,1,0,1,1,0,1,1,1,1,1,1,1,0,0,1,0,1,0,0,0,1,1,0,16,16,1,0,1,0,1,0,1,1,1,1,0,1,1,7,0,2,0,3,0,9,2,1,12,0,1,50,20,30,1,1,103,0,0,0,0,0,0,0,1,0,,,0,0,0,1,0,0,0,1,0,0,0,1,1,1,1,0,0,0,0,0,0,0,0,0,0,0,0,0,0,0,0,0,20,0,0,6,1,0,15,0,22,0,0,0,0,0,22,22,152,22,6,5.8
2017,28021053,COLEGIO DE APLICACAO DA UFS,,1,26/06/2017,04/05/2018,2,2803,28011,28,2806701,280670105,1,1,,,,,,,,,,,1,1,1,0,0,0,0,0,0,0,,0,0,0,1,1,0,0,0,0,1,0,0,0,1,0,0,1,0,0,0,0,0,1,1,1,1,0,1,0,1,1,1,1,1,0,0,0,1,0,1,1,1,1,0,0,1,1,1,1,0,0,1,0,0,14,14,1,0,1,1,1,0,0,1,1,1,0,1,1,6,0,2,2,2,0,0,2,6,6,0,2,20,13,7,1,1,60,1,0,0,0,0,0,0,1,0,,,0,1,0,1,0,0,0,1,0,0,0,0,0,1,1,0,0,0,0,0,0,0,0,0,0,0,0,0,0,0,0,0,25,0,0,10,22,9,1,0,26,0,0,23,3,0,0,26,146,26,5,5.7
2017,28019814,INST DOM FERNANDO GOMES,0,1,16/01/2017,22/12/2017,2,2803,28011,28,2800308,280030805,4,1,1,0,,1,0,0,0,0,,,1,1,1,0,0,0,0,0,0,0,,0,0,0,1,1,0,0,0,0,1,0,0,0,1,0,0,1,0,0,0,0,0,1,1,1,1,0,1,0,1,0,0,1,1,1,0,0,1,1,1,1,1,0,0,0,0,1,0,1,0,0,1,0,0,45,45,1,0,1,1,0,1,1,1,1,0,0,1,1,1,0,1,1,0,1,2,1,2,0,0,3,45,18,27,1,1,180,0,0,0,1,0,0,0,1,0,,,0,0,0,1,0,0,0,1,0,0,1,1,1,1,1,0,0,0,0,0,0,0,0,0,0,0,0,0,0,0,0,0,36,0,0,15,2,0,17,2,36,0,0,0,0,0,36,36,404,36,11,5.5
2017,28024362,COLEGIO SAO SALVADOR,1,1,07/02/2017,15/12/2017,2,2803,28012,28,2807600,280760005,4,1,1,0,,1,0,0,0,0,,,1,1,1,0,0,0,0,0,0,0,,0,0,0,1,1,0,0,0,0,1,0,0,0,0,1,0,1,0,0,0,0,0,1,1,0,0,0,0,0,0,0,0,1,1,1,0,0,1,1,1,1,1,0,0,0,0,1,1,0,0,0,0,0,0,14,13,1,0,1,0,1,0,1,1,1,1,0,0,1,2,0,1,0,2,0,1,1,2,2,0,0,4,4,0,1,1,55,0,0,0,0,0,0,0,1,0,,,0,0,0,1,0,0,0,1,0,0,1,1,1,1,1,0,0,0,0,0,0,0,0,0,0,0,0,0,0,0,0,0,12,0,0,1,2,0,6,0,13,0,0,0,0,0,13,13,51,13,3,5.4
2017,28014600,COLEGIO UNIVERSO SANTA MARIA LTDA,4,1,16/01/2017,30/11/2017,2,2803,28008,28,2801306,280130605,4,1,1,0,,1,0,0,0,0,,,1,1,1,0,0,0,0,0,0,0,,0,0,0,1,1,0,0,0,0,1,0,0,0,0,1,0,1,0,0,0,0,0,0,1,0,0,0,1,0,1,1,1,0,1,1,0,0,1,1,1,0,1,1,0,0,1,0,1,0,0,0,0,0,0,22,22,1,0,1,0,1,1,1,0,1,1,0,1,1,1,0,1,0,2,2,2,0,2,2,0,2,4,4,1,1,1,47,0,0,0,0,0,0,0,1,0,,,0,1,0,1,0,0,0,1,0,0,1,1,1,1,1,0,0,0,0,0,0,0,0,0,0,0,0,0,0,0,0,0,10,0,0,5,0,0,4,1,10,0,0,0,0,0,10,10,55,10,5,5.3
2017,28017986,COLEGIO LAVOISIER,0,1,23/01/2017,01/12/2017,2,2803,28011,28,2800308,280030805,4,1,1,0,,1,0,0,0,0,,,1,1,2,0,0,0,0,0,0,0,,0,0,0,1,1,1,0,0,0,1,0,0,0,0,1,0,1,0,0,0,0,0,1,1,1,0,0,1,0,1,0,0,0,0,1,0,0,1,1,0,0,1,0,0,0,1,0,1,0,0,0,0,0,0,20,20,1,0,1,0,1,0,0,1,1,1,0,0,1,3,0,2,0,3,0,0,3,2,10,0,0,24,10,15,1,1,66,0,0,0,0,0,0,0,1,0,,,0,1,0,1,0,0,0,1,0,0,1,1,1,1,1,0,0,0,0,0,0,0,0,0,0,0,0,0,0,0,0,0,13,0,0,2,0,0,9,0,14,0,0,0,0,0,14,14,88,14,6,5.2
2017,28044401,COLEGIO METODO,0,1,23/01/2017,15/12/2017,2,2803,28011,28,2800308,280030805,4,1,1,0,,1,0,0,0,0,,,1,1,2,0,0,0,0,0,0,0,,0,0,0,1,1,0,0,0,0,1,0,0,0,1,0,0,1,0,0,0,0,0,1,1,0,0,0,0,0,0,0,0,1,1,0,0,0,1,0,0,1,1,0,0,0,1,0,1,0,0,0,0,0,0,6,3,1,0,0,0,1,0,1,1,0,1,0,0,1,1,0,0,0,1,0,1,1,0,1,0,0,2,2,1,1,1,26,0,0,0,0,0,0,0,1,0,,,0,0,0,1,0,0,0,1,0,0,0,0,0,0,1,0,0,0,0,0,0,0,0,0,0,0,0,0,0,0,0,0,18,0,0,7,0,0,10,0,20,0,0,0,0,0,20,20,49,20,2,5.2
2017,28007042,COLEGIO MONTEIRO LOBATO,3,1,23/01/2017,08/12/2017,2,2802,28004,28,2802908,280290805,4,1,1,0,,1,0,0,0,0,,,1,1,1,0,0,0,0,0,0,0,,0,0,0,1,1,1,0,0,0,1,0,0,0,1,0,0,1,0,0,0,0,0,1,1,0,0,0,0,0,0,0,1,0,1,0,0,0,1,1,1,1,1,0,0,0,0,0,1,0,0,0,0,0,0,21,20,1,1,1,1,1,1,1,1,1,1,0,1,1,10,3,3,1,1,1,2,1,2,1,0,1,18,5,13,1,0,30,0,0,0,0,0,0,0,1,0,,,0,0,0,1,0,0,0,1,0,0,0,1,1,1,1,0,0,0,0,0,0,0,0,0,0,0,0,0,0,0,0,0,15,0,0,3,0,0,12,0,15,0,0,0,0,0,15,15,102,15,6,4.9
2017,28017242,COLEGIO PIO DECIMO LTDA - EPP,0,1,23/01/2017,07/12/2017,2,2803,28011,28,2800308,280030805,4,1,1,0,,1,0,0,0,0,,,1,1,1,0,0,0,0,0,0,0,,0,0,0,1,1,0,0,0,0,1,0,0,0,1,0,0,1,0,0,0,0,0,1,1,1,0,0,0,1,1,0,1,0,1,1,0,0,1,1,1,0,1,1,0,0,1,1,1,1,0,0,0,0,0,43,30,1,0,1,1,1,0,1,1,1,1,1,1,1,2,0,1,1,3,0,10,10,1,12,1,1,80,48,32,1,1,120,0,0,0,1,0,0,0,1,0,,,0,0,0,1,0,0,0,1,0,1,1,1,1,1,1,0,0,0,0,0,0,0,0,0,0,0,0,0,0,0,1,0,19,0,0,6,2,0,13,1,23,0,0,0,0,0,23,23,250,23,10,4.9
2017,28032861,CENTRO DE EDUCACAO DE ENS FUNDAMENTAL E MEDIO DO SESI JAIR MENEGUELLI,0,1,16/01/2017,05/12/2017,2,2803,28011,28,2800308,280030805,4,1,1,0,,0,0,0,1,0,,,1,1,1,0,0,0,0,0,0,0,,1,0,0,1,1,0,0,0,0,1,0,0,0,1,1,0,1,0,0,0,0,0,1,1,1,1,0,1,0,1,1,1,0,1,0,0,1,1,0,1,1,1,1,1,0,0,1,1,0,0,0,1,0,0,27,38,1,0,0,0,1,0,1,1,1,1,0,1,1,3,0,0,0,1,0,2,2,1,2,0,1,172,23,149,1,1,133,0,0,0,1,0,0,0,1,0,,,0,0,0,1,0,0,0,1,1,0,0,0,0,1,1,0,0,0,0,0,0,0,0,0,1,1,0,0,0,0,0,0,60,0,0,19,6,0,43,3,65,0,0,0,0,0,65,65,745,65,11,4.9
2017,28110404,COLEGIO SAO LUCAS,8,1,17/01/2017,20/12/2017,2,2803,28011,28,2804805,280480505,4,1,1,0,,1,0,0,0,0,,,1,1,1,0,0,0,0,0,0,0,,0,0,0,1,1,0,0,0,0,1,0,0,0,0,1,0,1,0,0,0,0,0,1,1,0,0,0,1,0,1,1,1,1,1,1,0,0,1,1,1,1,1,1,0,0,1,1,1,1,0,0,1,1,0,32,32,1,0,0,0,1,0,1,0,1,1,0,0,1,4,0,0,0,2,0,2,0,2,18,0,0,6,6,1,1,1,66,0,0,0,1,0,0,0,1,0,,,0,0,0,1,0,0,0,1,0,0,1,1,1,1,1,0,0,0,0,0,0,0,0,0,0,0,0,0,0,0,0,0,16,0,0,3,1,0,11,2,18,0,0,0,0,0,18,18,176,18,9,4.9
2017,28032101,COLEGIO IRMA MARIELE,2,1,30/01/2017,15/12/2017,2,2802,28005,28,2807402,280740205,4,1,1,0,,1,0,0,0,0,,,1,1,1,0,0,0,0,0,0,0,,0,0,0,1,1,0,0,0,0,1,0,0,0,1,0,0,1,0,0,0,0,0,1,1,0,0,0,0,0,0,0,0,1,1,1,0,0,1,1,1,0,1,1,0,0,1,0,1,0,0,0,0,0,0,12,12,1,0,0,0,0,0,0,1,1,1,0,0,1,12,0,0,0,0,0,0,3,5,1,0,0,2,2,0,1,1,41,0,0,0,0,0,0,0,1,0,,,0,0,0,1,0,0,0,1,0,0,1,1,1,1,1,0,0,0,0,0,0,0,0,0,0,0,0,0,0,0,0,0,10,0,0,2,0,0,6,0,12,0,0,0,0,0,12,12,34,12,2,4.8
2017,28033604,CONCENAL - CONTEMPORANEO CENTRO EDUCACIONAL,8,1,23/01/2017,08/12/2017,2,2803,28011,28,2804805,280480505,4,1,1,0,,1,0,0,0,0,,,1,1,1,0,0,0,0,0,0,0,,0,0,0,1,1,0,0,0,0,1,0,0,0,1,0,0,1,0,0,0,0,0,1,1,0,0,0,1,0,1,0,1,1,1,1,0,0,1,1,1,1,1,1,0,0,0,0,0,0,0,0,0,0,0,13,13,1,1,1,0,0,1,1,1,1,1,0,1,1,2,1,2,0,0,1,2,1,1,1,0,1,1,1,0,1,1,30,0,0,0,0,0,0,0,1,0,,,0,0,0,1,0,0,0,1,0,0,0,1,1,1,1,0,0,0,0,0,0,0,0,0,0,0,0,0,0,0,0,0,9,0,0,2,1,0,4,0,9,0,0,0,0,0,9,9,30,9,3,4.7
2017,28008421,COLEGIO ESTADUAL EMELIANO RIBEIRO,3,1,06/03/2017,29/12/2017,2,2802,28004,28,2806800,280680005,2,1,,,,,,,,,,,1,1,1,0,0,0,0,0,0,0,,0,0,0,1,1,0,0,0,0,1,0,0,0,0,1,0,1,0,0,0,0,0,1,1,1,1,1,0,0,0,1,0,1,1,0,0,0,1,0,1,1,1,1,1,1,1,1,1,1,0,0,1,0,0,9,9,1,0,1,0,0,1,1,1,1,1,0,1,1,3,0,1,0,0,1,3,1,3,2,0,1,24,4,20,1,1,58,1,1,1,0,0,0,0,1,0,,,0,0,0,1,0,0,0,1,0,0,0,0,0,1,1,0,0,0,0,0,0,0,0,0,0,0,0,0,0,0,0,0,23,0,0,4,0,0,19,1,24,0,0,24,0,0,0,24,205,24,8,4.4
2017,28013697,ESCOLA DE EDUCACAO BASICA E PROFISSIONAL FUNDACAO BRADESCO,6,1,30/01/2017,20/12/2017,2,2803,28007,28,2805703,280570305,4,1,4,0,,0,0,0,0,1,,,1,1,1,0,0,0,0,0,0,0,,0,0,0,1,1,1,0,0,0,1,0,0,0,0,1,0,1,0,0,0,0,0,1,1,1,1,0,1,1,1,1,1,1,1,1,0,1,1,1,1,1,1,1,1,1,1,0,1,0,0,0,1,0,0,16,16,1,0,1,1,1,0,1,1,1,1,0,1,1,3,0,2,1,2,0,2,6,2,17,0,3,165,55,110,1,1,65,0,0,0,0,0,0,0,1,0,,,0,0,0,1,0,0,0,1,1,0,0,1,1,1,1,0,0,0,0,0,0,0,0,0,1,1,0,0,0,0,0,0,11,0,0,10,1,0,2,1,12,0,0,0,0,0,12,12,72,12,6,4.3
2017,28035127,COLEGIO CANDIDO PORTINARI,0,1,23/01/2017,01/12/2017,2,2803,28011,28,2800308,280030805,4,1,1,0,,1,0,0,0,0,,,1,1,2,0,0,0,0,0,0,0,,0,0,0,1,1,0,0,0,0,1,0,0,0,1,0,0,1,0,0,0,0,0,1,1,0,0,0,1,0,1,0,1,1,1,0,0,0,1,1,1,1,1,1,0,1,1,0,0,1,0,0,1,0,0,16,16,1,0,1,0,1,0,1,1,1,1,0,0,1,2,0,1,0,2,0,4,1,1,1,0,0,7,7,0,1,1,25,0,0,0,0,0,0,0,1,0,,,0,0,0,1,0,0,0,1,1,0,1,1,1,1,1,0,0,0,0,0,0,0,0,0,1,1,0,0,0,0,0,0,10,0,0,2,0,0,8,3,13,0,0,0,0,0,13,13,36,13,2,4.3
2017,28006720,COLEGIO ESTADUAL GUILHERME CAMPOS,3,1,06/03/2017,12/01/2018,2,2802,28004,28,2801009,280100905,2,1,,,,,,,,,,,1,1,1,0,0,0,0,0,0,0,,0,0,0,1,1,0,1,0,0,1,0,0,0,1,1,0,1,0,0,0,0,0,1,1,1,0,1,1,0,1,1,0,1,1,0,0,0,1,0,1,1,1,1,1,1,1,0,0,1,0,0,0,0,0,10,10,1,0,1,0,1,0,1,1,1,1,0,1,1,2,0,2,0,1,0,1,3,4,2,0,3,14,3,9,1,1,67,1,1,1,1,0,0,0,1,0,,,0,1,0,1,0,0,0,1,1,0,0,0,1,1,1,0,0,0,0,0,0,0,0,0,0,1,0,0,0,0,0,0,24,0,0,14,1,1,9,2,24,0,0,23,1,0,0,24,146,24,6,4.2
2017,28018516,COLEGIO ESTADUAL TOBIAS BARRETO,0,1,08/05/2017,10/04/2018,2,2803,28011,28,2800308,280030805,2,1,,,,,,,,,,,1,1,1,0,0,0,0,0,0,0,,0,0,0,1,1,0,0,0,0,1,0,0,0,1,0,0,1,0,0,0,0,0,1,1,1,1,0,0,0,0,1,1,0,1,0,0,1,1,0,1,1,1,1,0,1,1,0,1,1,0,0,0,1,0,14,14,1,1,1,1,1,1,1,1,1,1,1,1,1,4,1,1,1,2,1,1,2,3,3,1,3,30,8,22,1,1,86,1,0,0,0,0,0,0,1,0,,,0,0,0,1,0,0,0,1,0,0,0,0,0,1,1,0,0,0,0,0,0,0,0,0,0,0,0,0,0,0,0,0,30,0,0,8,3,4,18,0,30,0,0,30,0,0,0,30,452,30,15,4.2
2017,28030095,COLEGIO ESTADUAL JOAO XXIII,3,1,24/04/2017,22/02/2018,2,2801,28002,28,2806008,280600805,2,1,,,,,,,,,,,1,1,1,0,0,0,0,0,0,0,,0,0,0,1,1,0,0,0,0,1,0,0,0,1,0,0,1,0,0,0,0,0,1,1,1,1,0,1,0,1,1,1,1,1,0,0,1,1,0,1,1,1,1,0,1,1,0,1,1,0,0,1,0,0,10,10,1,0,1,1,0,1,1,1,1,1,0,1,1,1,0,2,1,0,1,2,1,1,1,0,1,24,6,24,1,1,52,1,0,0,0,0,0,0,1,0,,,0,0,0,1,0,0,0,1,0,0,0,0,0,1,1,0,0,0,0,0,0,0,0,0,0,0,0,0,0,0,0,0,32,0,0,16,1,0,15,1,32,0,0,32,0,0,0,32,227,32,7,4.2
2017,28031911,COLEGIO ESTADUAL DR JUGURTA BARRETO DE LIMA,0,1,17/04/2017,05/04/2018,2,2803,28011,28,2800308,280030805,2,1,,,,,,,,,,,1,1,1,0,0,0,0,0,0,0,,0,0,0,1,1,0,0,0,0,1,0,0,0,1,0,0,1,0,0,0,0,0,1,1,1,0,0,0,1,1,1,1,1,1,0,0,0,1,0,1,1,1,0,0,1,1,0,1,0,0,0,1,0,0,11,10,1,0,1,0,1,1,1,1,1,1,1,1,1,3,0,1,0,1,2,3,1,3,2,1,1,20,5,15,1,1,60,1,0,1,0,0,0,0,1,0,,,0,0,0,1,0,0,0,1,1,0,0,0,1,1,1,0,0,0,0,0,0,0,0,0,1,1,0,0,0,0,0,0,14,0,0,6,4,0,5,0,14,0,0,14,0,0,0,14,39,14,2,4.2
2017,28018915,COLEGIO ESTADUAL PROFESSORA OFENISIA SOARES FREIRE,0,1,27/04/2017,30/04/2018,2,2803,28011,28,2800308,280030805,2,1,,,,,,,,,,,1,1,1,0,0,0,0,0,0,0,,0,0,0,1,1,0,0,0,0,1,0,0,0,1,0,0,1,0,0,0,0,0,1,1,0,0,0,0,0,0,1,1,0,1,0,0,0,1,0,0,0,1,0,0,0,1,0,0,1,0,0,0,0,0,14,10,1,0,1,0,0,1,0,1,1,1,0,0,1,2,0,2,0,0,1,0,3,2,1,0,0,25,5,20,1,1,57,1,0,0,0,0,0,0,1,0,,,0,1,0,1,0,0,0,1,1,0,0,0,0,1,1,0,0,0,0,0,0,0,0,0,0,1,0,0,0,0,0,0,15,0,0,3,2,1,9,0,15,0,0,15,0,0,0,15,109,15,7,4.1
2017,28004809,COLEGIO ESTADUAL ABDIAS BEZERRA,3,1,19/04/2017,15/02/2018,2,2801,28002,28,2806008,280600805,2,1,,,,,,,,,,,1,1,1,0,0,0,0,0,0,0,,0,0,0,1,1,0,0,0,0,1,0,0,0,1,0,0,1,0,0,0,0,0,1,1,1,0,0,1,0,1,1,1,0,1,0,0,0,1,0,1,0,1,1,1,1,1,0,1,1,0,0,1,0,0,9,7,1,0,1,0,0,1,1,1,1,1,0,0,1,3,0,1,0,0,1,1,1,5,1,0,0,16,4,12,1,1,39,1,0,0,0,0,0,0,1,0,,,0,1,0,1,0,0,0,1,1,0,0,0,0,1,1,0,0,0,0,0,0,0,0,0,0,1,0,0,0,0,0,0,23,0,0,17,0,0,6,4,23,0,0,23,0,0,0,23,103,23,4,3.9
2017,28009487,ESCOLA ESTADUAL SENADOR LOURIVAL BAPTISTA,2,1,29/03/2017,25/01/2018,2,2802,28005,28,2807105,280710505,2,2,,,,,,,,,,,1,1,1,0,0,0,0,0,0,0,,0,0,0,1,1,0,0,0,0,1,0,0,0,1,0,0,1,0,0,0,0,0,1,0,1,0,0,1,0,1,1,1,1,1,0,0,0,1,0,1,1,1,1,0,1,1,0,1,1,0,0,1,0,0,6,6,1,0,1,0,0,1,1,1,1,1,0,1,1,2,0,1,0,0,1,5,2,1,2,0,1,12,4,8,1,1,35,1,0,0,0,0,0,0,1,0,,,0,1,0,1,0,0,0,1,0,0,0,0,0,1,1,0,0,0,0,0,0,0,0,0,0,0,0,0,0,0,0,0,13,0,0,7,1,0,6,0,13,0,0,12,1,0,0,13,176,13,13,3.9
2017,28017846,COL EST JACKSON DE FIGUEIREDO,0,1,08/05/2017,28/02/2018,2,2803,28011,28,2800308,280030805,2,1,,,,,,,,,,,1,1,1,0,0,0,0,0,0,0,,0,0,0,1,1,0,0,0,0,1,0,0,0,1,0,0,1,0,0,0,0,0,1,1,0,0,0,0,0,0,1,1,1,1,0,0,0,1,0,0,0,1,0,1,1,1,1,1,1,0,0,0,0,0,16,14,1,0,1,0,0,0,1,1,1,1,0,1,1,3,0,1,0,0,0,3,2,1,1,0,1,5,5,1,1,1,55,1,0,0,0,0,0,0,1,0,,,0,0,0,1,0,0,0,1,0,0,0,0,0,1,1,0,0,0,0,0,0,0,0,0,0,0,0,0,0,0,0,0,22,0,0,10,2,0,10,0,22,0,0,22,0,0,0,22,121,22,5,3.9
2017,28018400,COLEGIO ESTADUAL PROFESSOR GONCALO ROLLEMBERG LEITE,0,1,17/04/2017,01/03/2018,2,2803,28011,28,2800308,280030805,2,1,,,,,,,,,,,1,1,1,0,0,0,0,0,0,0,,0,0,0,1,1,0,0,0,0,1,0,0,0,1,0,0,1,0,0,0,0,0,1,1,1,1,0,1,0,1,1,1,1,1,0,0,0,1,0,1,1,1,0,1,1,1,1,1,0,0,0,1,0,0,17,17,1,1,1,0,1,1,1,1,1,1,1,1,1,3,1,1,0,2,1,3,1,2,2,1,1,30,5,25,1,1,75,1,0,0,0,0,0,0,1,0,,,0,0,0,1,0,0,0,1,0,0,0,0,0,1,1,0,0,0,0,0,0,0,0,0,0,0,0,0,0,0,0,0,30,0,0,17,4,0,14,3,34,0,0,34,0,0,0,34,383,34,11,3.9
2017,28032306,CENTRO DE EXCELENCIA DEPUTADO JONAS AMARAL,8,1,10/04/2017,26/02/2018,2,2803,28011,28,2804805,280480505,2,1,,,,,,,,,,,1,1,1,0,0,0,0,0,0,0,,0,0,0,1,1,0,0,0,0,1,0,0,0,1,1,0,1,0,0,0,0,0,1,1,1,1,0,1,0,1,1,1,0,1,0,0,0,1,0,1,1,1,1,0,1,1,0,1,0,0,0,0,0,0,16,16,1,0,1,0,1,0,1,0,1,1,0,1,1,3,0,2,0,2,0,4,0,5,3,0,5,16,6,10,1,1,58,1,0,1,0,0,0,0,1,0,,,0,1,0,1,0,0,0,1,0,0,0,0,0,1,1,0,0,0,0,0,0,0,0,0,0,0,0,0,0,0,0,0,19,0,0,9,3,0,11,0,22,0,0,19,3,0,0,22,155,22,7,3.9
2017,28008235,COLEGIO ESTADUAL DJENAL TAVARES DE QUEIROZ,3,1,17/04/2017,09/02/2018,2,2802,28004,28,2804102,280410205,2,1,,,,,,,,,,,1,1,1,0,0,0,0,0,0,0,,0,0,0,1,1,0,0,0,0,1,0,0,0,1,1,0,1,0,0,0,0,0,1,1,1,1,0,1,0,1,1,1,0,1,0,0,0,1,0,1,1,1,0,0,1,0,0,1,0,0,0,1,0,0,6,7,1,0,1,1,1,1,1,1,1,1,1,1,1,2,0,2,1,1,1,7,2,2,2,1,2,25,5,20,1,1,38,1,0,0,0,0,0,0,1,0,,,0,1,0,1,0,0,0,1,0,0,0,0,0,1,1,0,0,0,0,0,0,0,0,0,0,0,0,0,0,0,0,0,24,0,0,15,3,0,8,0,25,0,0,25,0,0,0,25,233,25,9,3.8
2017,28018818,COLEGIO ESTADUAL OLAVO BILAC,0,1,08/05/2017,23/03/2018,2,2803,28011,28,2800308,280030805,2,1,,,,,,,,,,,1,1,1,0,0,0,0,0,0,0,,0,0,0,1,1,0,0,0,0,1,0,0,0,0,1,0,1,0,0,0,0,0,1,1,1,0,0,0,1,1,1,1,1,1,0,0,0,1,0,1,1,1,1,1,0,1,1,0,0,0,0,1,0,0,15,9,1,1,1,0,1,1,1,0,1,1,0,1,1,3,2,2,0,2,1,3,0,3,1,0,1,8,3,1,1,1,67,1,0,0,0,0,0,0,1,0,,,0,1,0,1,0,0,0,1,1,0,0,0,0,1,1,0,0,0,0,0,0,0,0,0,1,1,0,0,0,0,0,0,19,0,0,5,1,0,13,0,19,0,0,18,1,0,0,19,143,19,7,3.8
2017,28004582,COLEGIO ESTADUAL AUGUSTO FRANCO,3,1,06/03/2017,04/01/2018,2,2801,28002,28,2805000,280500005,2,1,,,,,,,,,,,1,1,1,0,0,0,0,0,0,0,,0,0,0,0,1,0,0,0,0,1,0,0,0,1,0,0,1,0,0,0,0,0,1,1,1,0,1,1,0,1,1,1,0,1,0,0,0,1,0,1,1,1,1,0,1,1,0,1,0,0,0,1,1,0,5,3,1,1,1,1,1,1,0,1,1,1,0,0,1,2,1,2,1,2,1,0,3,5,1,0,0,18,2,16,1,1,21,1,0,0,0,0,0,0,1,0,,,0,1,0,1,0,0,0,1,1,1,0,0,0,0,1,0,0,0,0,0,0,0,0,0,1,0,1,0,0,0,0,0,9,0,0,4,1,0,3,0,9,0,0,9,0,0,0,9,66,9,7,3.7
2017,28006356,COLEGIO ESTADUAL MIGUEL DAS GRACAS,3,1,20/03/2017,15/01/2018,2,2802,28003,28,2807006,280700605,2,1,,,,,,,,,,,1,1,1,0,0,0,0,0,0,0,,0,0,0,1,1,0,0,0,0,1,0,0,0,1,0,0,1,0,0,0,0,0,1,1,1,0,1,0,0,0,1,0,1,1,0,0,0,1,0,1,1,1,1,0,1,1,0,1,0,0,0,1,0,0,6,6,1,0,1,0,0,1,1,1,1,1,0,1,1,1,0,2,0,0,1,1,3,3,2,0,4,22,5,17,1,0,16,1,0,0,0,0,0,0,1,0,,,0,1,0,1,0,0,0,1,1,0,0,0,0,0,1,0,0,0,0,0,0,0,0,0,1,0,0,0,0,0,0,0,12,0,0,4,0,0,8,0,12,0,0,12,0,0,0,12,87,12,7,3.7
2017,28018435,COLEGIO ESTADUAL BARAO DE MAUA,0,1,13/03/2017,06/01/2018,2,2803,28011,28,2800308,280030805,2,1,,,,,,,,,,,1,1,1,0,0,0,0,0,0,0,,0,0,0,1,1,0,0,0,0,1,0,0,0,1,0,0,1,0,0,0,0,0,1,1,1,0,1,1,0,1,1,1,0,1,0,0,0,1,0,1,0,1,1,0,0,1,0,1,0,0,0,1,0,0,13,12,1,0,1,0,1,1,1,0,1,1,0,1,1,4,0,1,0,3,2,5,0,3,6,0,5,34,8,26,1,1,86,1,1,1,0,0,0,0,1,0,,,0,1,0,1,0,0,0,1,0,0,0,0,0,1,1,0,0,0,0,0,0,0,0,0,0,0,0,0,0,0,0,0,37,0,0,24,5,0,14,0,41,0,0,41,0,0,0,41,476,41,11,3.7
2017,28018478,CENTRO DE EXCELENCIA PROFESSOR JOSE CARLOS DE SOUSA,0,1,17/04/2017,09/03/2018,2,2803,28011,28,2800308,280030805,2,1,,,,,,,,,,,1,1,1,0,0,0,0,0,0,0,,0,0,0,1,1,0,0,0,0,1,0,0,0,1,1,0,1,0,0,0,0,0,1,1,1,1,0,1,0,1,1,1,1,1,0,0,0,1,0,1,0,1,1,1,1,1,1,1,1,0,0,1,0,0,19,19,1,0,1,1,1,1,1,0,1,1,1,1,1,4,0,2,1,1,1,1,0,1,3,1,1,17,6,11,1,1,90,1,0,1,0,0,0,0,1,0,,,0,1,0,1,0,0,0,1,0,0,0,0,0,1,1,0,0,0,0,0,0,0,0,0,0,0,0,0,0,0,0,0,33,0,0,17,2,0,16,1,36,0,0,36,0,0,0,36,306,36,8,3.7
2017,28075420,COLEGIO ELITE,0,1,06/02/2017,07/12/2017,2,2803,28011,28,2800308,280030805,4,1,1,0,,1,0,0,0,0,,,1,1,2,0,0,0,0,0,0,0,,0,0,0,1,1,0,0,0,0,1,0,0,0,1,0,0,1,0,0,0,0,0,1,1,0,0,0,0,0,0,1,0,1,1,1,0,0,1,1,1,1,1,1,1,0,1,0,1,1,0,0,1,0,0,16,16,0,0,1,0,1,0,0,1,1,1,0,0,1,0,0,1,0,1,0,0,1,1,1,0,0,5,5,0,1,1,46,0,0,0,0,0,0,0,1,0,,,0,0,0,1,0,0,0,1,0,0,1,1,1,1,1,0,0,0,0,0,0,0,0,0,0,0,0,0,0,0,0,0,13,0,0,1,1,0,11,0,13,0,0,0,0,0,13,13,35,13,2,3.7
2017,28006542,COLEGIO ESTADUAL DEPUTADO GUIDO AZEVEDO,3,1,02/05/2017,22/02/2018,2,2802,28004,28,2800506,280050605,2,1,,,,,,,,,,,1,0,,0,0,0,0,0,0,0,,0,1,,1,1,0,0,0,0,1,0,0,0,0,1,0,1,0,0,0,0,0,0,1,1,0,0,0,0,0,1,0,0,0,0,0,0,1,0,0,1,1,0,0,0,1,0,0,0,0,0,0,0,0,6,6,1,0,1,0,1,0,1,1,1,1,0,0,1,2,0,2,0,1,0,1,3,2,2,0,0,10,2,10,1,1,32,1,0,0,0,0,0,0,1,0,,,0,0,0,1,0,0,0,1,0,0,0,0,0,0,1,0,0,0,0,0,0,0,0,0,0,0,0,0,0,0,0,0,24,0,0,7,5,0,12,2,24,0,0,24,0,0,0,24,198,24,8,3.6
2017,28011074,COLEGIO ESTADUAL MONSENHOR JUAREZ SANTOS PRATA,2,1,10/04/2017,05/02/2018,2,2802,28006,28,2803500,280350005,2,2,,,,,,,,,,,1,1,1,0,0,0,0,0,0,0,,0,0,0,1,1,1,0,0,0,1,0,0,0,0,1,0,1,0,0,0,0,0,1,1,0,0,0,0,0,0,1,1,0,1,0,0,0,1,0,1,0,1,1,0,1,1,0,1,1,0,0,0,0,0,6,6,1,0,1,1,0,1,1,0,1,1,0,0,1,2,0,2,1,0,1,1,0,1,1,0,0,1,1,0,1,1,28,1,0,0,1,0,0,0,1,0,,,0,0,0,1,0,0,0,1,0,0,0,0,1,1,1,0,0,0,0,0,0,0,0,0,0,0,0,0,0,0,0,0,9,0,0,5,2,0,3,2,9,0,0,8,1,0,0,9,47,9,5,3.6
2017,28005848,COLEGIO ESTADUAL ALMIRANTE BARROSO,4,1,06/03/2017,12/01/2018,2,2802,28003,28,2804300,280430005,2,1,,,,,,,,,,,1,1,1,0,0,0,0,0,0,0,,0,0,0,1,1,0,0,0,0,1,0,0,0,0,1,0,1,0,0,0,0,0,1,1,1,0,0,0,0,0,1,1,0,1,0,0,0,1,0,1,1,1,1,0,1,1,0,1,1,0,0,0,0,0,7,7,1,1,1,0,1,1,1,1,1,1,0,1,1,4,1,1,0,1,2,3,1,3,1,0,1,17,5,12,1,1,48,1,0,0,0,0,0,0,1,0,,,0,0,0,1,0,0,0,1,1,0,0,0,0,1,1,0,0,0,0,0,0,0,0,0,0,1,0,0,0,0,0,0,18,0,0,13,1,0,4,0,18,0,0,17,1,0,0,18,201,18,11,3.5
2017,28009398,COLEGIO ESTADUAL DR MILTON DORTAS,2,1,02/05/2017,16/02/2018,2,2802,28005,28,2807105,280710505,2,1,,,,,,,,,,,1,1,1,0,0,0,0,0,0,0,,0,0,0,1,1,0,1,0,0,1,0,0,0,1,1,0,1,0,0,0,0,0,1,1,1,1,0,1,0,1,1,1,0,1,0,0,0,1,0,1,1,1,1,1,1,0,0,1,0,0,1,1,0,0,14,14,1,0,1,0,1,1,1,0,1,1,0,1,1,5,0,5,0,3,2,4,0,7,5,0,4,33,4,24,1,1,90,1,0,0,,0,0,0,1,0,,,0,1,0,1,0,0,0,1,0,0,0,0,0,0,1,0,0,0,0,0,0,0,0,0,0,0,0,0,0,0,0,0,46,0,0,31,3,0,18,3,51,0,0,46,5,0,0,51,611,51,11,3.5
2017,28010132,COLEGIO ESTADUAL ABELARDO BARRETO DO ROSARIO,2,1,06/03/2017,19/01/2018,2,2802,28005,28,2807402,280740205,2,1,,,,,,,,,,,1,1,1,0,0,0,0,0,0,0,,0,0,0,1,1,0,0,0,0,1,0,0,0,1,1,0,1,0,0,0,0,0,0,1,0,0,1,1,0,1,1,1,0,1,0,0,0,1,0,1,1,1,0,0,1,1,0,1,1,0,0,0,0,0,11,11,1,0,1,1,1,0,1,1,1,1,0,1,1,3,0,1,1,2,0,1,2,2,4,0,1,8,2,2,1,1,53,1,1,0,0,0,0,0,1,0,,,0,0,0,1,0,0,0,1,0,0,0,0,0,1,1,0,0,0,0,0,0,0,0,0,0,0,0,0,0,0,0,0,30,0,0,13,0,0,17,1,30,0,0,27,3,0,0,30,486,30,16,3.5
2017,28014839,COLEGIO ESTADUAL CEL JOSE JOAQUIM BARBOSA,5,1,02/03/2017,27/01/2018,2,2803,28008,28,2807204,280720405,2,1,,,,,,,,,,,1,1,1,0,0,0,0,0,0,0,,0,0,0,0,1,0,0,0,0,1,0,0,0,0,1,0,1,0,0,0,0,0,1,1,1,0,1,1,0,1,1,1,0,1,0,0,0,1,0,1,0,1,0,0,1,1,0,1,1,0,0,1,0,0,11,10,1,0,0,0,1,0,1,1,1,0,0,0,1,7,0,0,0,2,0,5,3,24,0,0,0,56,3,16,1,1,55,1,1,0,1,0,0,0,1,0,,,0,0,0,1,0,0,0,1,1,0,0,0,1,1,1,0,0,0,0,0,0,0,0,0,1,1,0,0,0,0,0,0,16,0,0,4,0,1,11,1,16,0,1,16,0,0,1,17,198,17,11,3.5
2017,28028562,COLEGIO ESTADUAL PREFEITO ANFILOFIO FERNANDES VIANA,1,1,20/02/2017,23/01/2018,2,2803,28012,28,2807600,280760005,2,1,,,,,,,,,,,1,1,1,0,0,0,0,0,0,0,,0,0,0,1,1,0,1,0,0,1,0,0,0,0,1,0,1,0,0,0,0,0,1,1,1,1,0,1,0,1,1,1,0,1,0,0,0,1,0,1,1,1,1,0,1,1,0,1,0,0,0,1,0,0,9,9,1,0,0,0,0,0,1,1,1,1,0,0,1,3,0,0,0,0,0,2,2,1,1,0,0,21,7,14,1,1,44,1,0,0,0,0,0,0,1,0,,,0,0,0,1,0,0,0,1,1,0,0,0,0,1,1,0,0,0,0,0,0,0,0,0,0,1,0,0,0,0,0,0,21,0,0,4,2,0,16,0,22,0,0,18,4,0,0,22,175,22,7,3.5
2017,28000951,COLEGIO ESTADUAL MANOEL ALCINO DO NASCIMENTO,5,1,20/02/2017,20/12/2017,2,2801,28001,28,2802601,280260105,2,1,,,,,,,,,,,1,1,1,0,0,0,0,0,0,0,,0,0,0,1,1,0,0,0,0,1,0,0,0,1,1,0,1,0,0,0,0,0,1,1,1,0,1,0,0,0,1,1,0,1,0,0,0,1,0,1,1,1,0,0,1,1,0,1,1,0,0,1,0,0,9,9,1,0,1,1,1,0,1,1,1,1,1,1,1,2,0,2,1,3,0,2,2,2,2,1,1,30,4,25,1,1,37,1,1,0,0,0,0,0,1,0,,,0,1,0,1,0,0,0,1,1,1,0,0,1,1,1,0,0,0,0,0,0,0,0,0,1,0,1,0,0,0,0,0,12,0,0,3,2,0,9,2,13,0,0,13,0,0,0,13,52,13,4,3.4
2017,28001699,COLEGIO ESTADUAL MANOEL MESSIAS FEITOSA,9,1,06/03/2017,09/02/2018,2,2801,28001,28,2804508,280450805,2,1,,,,,,,,,,,1,1,1,0,0,0,0,0,0,0,,0,1,0,1,1,0,1,0,0,1,0,0,0,1,1,0,1,0,0,0,0,0,1,1,1,1,0,1,0,1,1,1,0,1,0,0,0,1,0,1,1,1,0,0,1,1,0,1,1,0,0,1,0,0,11,11,1,0,0,0,1,0,0,1,0,1,1,1,1,2,0,0,0,2,0,0,4,0,1,1,2,35,6,18,1,1,60,1,0,0,0,0,0,0,1,0,,,0,1,0,1,0,0,0,1,0,0,0,0,0,0,1,0,0,0,0,0,0,0,0,0,0,0,0,0,0,0,0,0,31,0,0,10,5,1,17,0,32,0,0,30,2,0,0,32,333,32,10,3.4
2017,28005651,COLEGIO ESTADUAL ALCEBIADES PAES,5,1,09/02/2017,09/01/2018,2,2802,28003,28,2801900,280190005,2,1,,,,,,,,,,,1,1,1,0,0,0,0,0,0,0,,0,0,0,1,1,0,0,0,0,1,0,0,0,1,1,0,1,0,0,0,0,0,1,1,1,0,1,0,0,0,1,1,0,1,0,0,0,1,0,1,1,1,1,0,1,1,0,1,0,0,0,1,0,0,7,7,1,0,1,0,0,0,1,1,1,1,0,1,1,3,0,2,0,0,0,1,3,4,3,0,4,18,5,13,1,1,34,1,1,1,1,0,0,0,1,0,,,0,0,0,1,0,0,0,1,1,0,0,0,1,1,1,0,0,0,0,0,0,0,0,0,1,1,0,0,0,0,0,0,9,0,0,1,0,0,9,2,10,0,0,10,0,0,0,10,80,10,8,3.4
2017,28007166,COLEGIO ESTADUAL DR AUGUSTO CESAR LEITE,3,1,02/05/2017,26/02/2018,2,2802,28004,28,2802908,280290805,2,1,,,,,,,,,,,1,1,1,0,0,0,0,0,0,0,,0,0,0,1,1,0,0,0,0,1,0,0,0,1,0,0,1,0,0,0,0,0,1,1,1,0,0,1,0,1,1,0,1,1,0,0,0,1,0,0,1,1,0,0,1,1,1,1,0,0,0,0,0,0,13,13,1,0,1,0,1,0,1,1,1,1,0,1,1,2,0,1,0,4,0,3,1,1,3,0,2,13,5,8,1,1,71,1,0,0,0,0,0,0,1,0,,,0,1,0,1,0,0,0,1,1,0,0,0,0,1,1,0,0,0,0,0,0,0,0,0,0,1,0,0,0,0,0,0,30,0,0,23,3,0,7,3,30,0,0,29,1,0,0,30,279,30,9,3.4
2017,28007867,COLEGIO ESTADUAL MARCOLINO CRUZ SANTOS,3,1,20/02/2017,15/01/2018,2,2802,28004,28,2803708,280370805,2,1,,,,,,,,,,,1,1,1,0,0,0,0,0,0,0,,0,0,0,1,1,0,0,0,0,1,0,0,0,1,1,0,1,0,0,0,0,0,1,1,1,0,1,0,0,0,1,0,0,0,0,0,0,1,0,1,1,1,0,0,1,1,0,1,0,0,0,1,0,0,10,10,1,0,1,1,0,1,1,1,1,1,0,1,1,3,0,4,1,0,2,2,3,4,2,0,3,27,3,24,1,1,47,1,1,0,1,0,0,0,1,0,,,0,0,0,1,0,0,0,1,0,0,0,0,1,1,1,0,0,0,0,0,0,0,0,0,0,0,0,0,0,0,0,0,20,0,0,9,0,0,10,2,20,0,0,20,0,0,0,20,209,20,10,3.4
2017,28013514,COLEGIO ESTADUAL MONSENHOR FERNANDO G LEITE,7,1,03/04/2017,09/02/2018,2,2803,28007,28,2804706,280470605,2,2,,,,,,,,,,,1,1,1,0,0,0,0,0,0,0,,0,0,0,1,1,0,0,0,0,1,0,0,0,0,1,0,1,0,0,0,0,0,1,1,1,0,0,0,0,0,1,0,0,0,0,0,0,1,0,0,0,1,1,0,1,1,0,1,0,0,0,0,1,0,5,4,1,1,1,1,1,1,0,1,1,1,1,1,1,3,1,1,1,1,1,0,2,2,1,1,5,10,2,8,1,0,26,1,0,0,0,0,0,0,1,0,,,0,0,0,1,0,0,0,1,0,0,0,0,0,1,1,0,0,0,0,0,0,0,0,0,0,0,0,0,0,0,0,0,10,0,0,1,0,0,10,0,11,0,0,10,1,0,0,11,36,11,3,3.4
2017,28020464,COLEGIO ESTADUAL ALFREDO MONTES,8,1,03/04/2017,01/03/2018,2,2803,28011,28,2804805,280480505,2,1,,,,,,,,,,,1,1,1,0,0,0,0,0,0,0,,0,0,0,1,1,0,0,0,0,1,0,0,0,0,1,0,1,0,0,0,0,0,1,0,1,0,0,0,0,0,1,0,0,0,0,0,0,1,0,1,0,1,0,0,1,1,0,1,0,0,0,1,0,0,7,6,1,0,0,0,0,1,0,1,1,1,0,1,1,3,0,0,0,0,1,0,2,2,3,0,5,3,3,1,1,1,34,1,0,1,1,0,0,0,1,0,,,0,0,0,1,0,0,0,1,1,0,0,0,0,1,1,0,0,0,0,0,0,0,0,0,0,1,0,0,0,0,0,0,21,0,0,7,2,0,15,0,23,0,0,23,0,0,0,23,101,23,4,3.4
2017,28032578,COLEGIO EST SEN JOSE ALVES DO NASCIMENTO,0,1,02/05/2017,27/03/2018,2,2803,28011,28,2800308,280030805,2,1,,,,,,,,,,,1,1,1,0,0,0,0,0,0,0,,0,0,0,1,1,0,0,0,0,1,0,0,0,0,1,0,1,0,0,0,0,0,1,1,1,1,1,1,0,1,1,1,1,1,0,0,0,1,0,1,1,1,1,0,1,1,1,1,0,0,0,1,0,0,11,11,1,0,1,0,1,0,1,1,1,1,0,0,1,2,0,1,0,1,0,1,1,1,1,0,0,22,7,15,1,1,74,1,1,1,1,0,0,0,1,0,,,0,0,0,1,0,0,0,1,1,0,0,0,1,1,1,0,0,0,0,0,0,0,0,0,1,1,0,0,0,0,0,0,21,0,0,8,2,0,12,0,22,0,0,22,0,0,0,22,94,22,4,3.4
2017,28040201,COLEGIO ESTADUAL DEPUTADO JOALDO VIEIRA BARBOSA,2,1,13/03/2017,09/01/2018,2,2803,28012,28,2806206,280620605,2,1,,,,,,,,,,,1,1,1,0,0,0,0,0,0,0,,0,0,0,1,1,0,0,0,0,1,0,0,0,0,1,0,1,0,0,0,0,0,1,1,1,1,0,1,0,1,1,1,1,1,0,0,0,1,0,1,1,1,1,1,1,1,0,1,1,0,0,1,0,0,8,7,1,0,0,0,1,1,1,1,0,1,0,0,1,1,0,0,0,1,1,1,1,0,2,0,0,2,2,1,1,1,44,1,0,0,0,0,0,0,1,0,,,0,1,0,1,0,0,0,1,0,0,0,0,0,0,1,0,0,0,0,0,0,0,0,0,0,0,0,0,0,0,0,0,21,0,0,14,2,0,7,3,22,0,0,21,1,0,0,22,292,22,13,3.4
2017,28004264,COLEGIO ESTADUAL JOAO SALONIO,3,1,06/03/2017,08/01/2018,2,2801,28002,28,2804458,280445805,2,1,,,,,,,,,,,1,1,1,0,0,0,0,0,0,0,,0,0,0,1,1,0,0,0,0,1,0,0,0,1,0,0,1,0,0,0,0,0,1,1,0,0,0,0,0,0,1,0,0,0,0,0,0,1,0,1,1,1,1,0,1,1,0,1,0,0,0,1,0,0,8,8,1,1,1,0,1,0,1,1,1,1,0,0,1,2,1,1,0,1,0,2,1,1,1,0,0,10,1,8,1,1,34,1,0,0,0,0,0,0,1,0,,,0,0,0,1,0,0,0,1,0,0,0,0,0,1,1,0,0,0,0,0,0,0,0,0,0,0,0,0,0,0,0,0,19,0,0,9,0,0,10,1,19,0,0,19,0,0,0,19,186,19,9,3.3
2017,28012151,ESCOLA ESTADUAL ANTONIO FONTES FREITAS,2,1,22/02/2017,29/12/2017,2,2802,28006,28,2805802,280580205,2,2,,,,,,,,,,,1,1,1,0,0,0,0,0,0,0,,0,0,0,1,1,0,0,0,0,1,0,0,0,0,1,0,1,0,0,0,0,0,0,1,1,0,1,0,0,0,1,0,0,0,0,0,0,1,0,0,0,1,1,0,1,0,0,1,1,0,0,0,0,0,6,6,1,0,1,1,1,1,1,0,1,1,0,1,1,2,0,2,1,1,1,2,0,2,1,0,1,8,2,5,1,1,27,1,1,0,0,0,0,0,1,0,,,0,0,0,1,0,0,0,1,0,0,0,0,1,1,1,0,0,0,0,0,0,0,0,0,0,0,0,0,0,0,0,0,12,0,0,7,0,0,5,0,12,0,0,11,1,0,0,12,64,12,5,3.3
2017,28000897,COLEGIO ESTADUAL NELSON REZENDE DE ALBUQUERQUE,7,1,06/03/2017,23/01/2018,2,2801,28001,28,2802403,280240315,2,2,,,,,,,,,,,1,1,1,0,0,0,0,0,0,0,,0,0,0,1,1,0,0,0,0,1,0,0,0,1,0,0,1,0,0,0,0,0,1,1,1,0,1,1,0,1,1,1,0,1,0,0,0,1,0,1,1,1,0,1,1,1,0,1,1,0,1,0,0,0,8,7,1,1,1,1,1,1,1,1,1,1,1,1,1,2,1,2,2,1,1,4,1,3,2,1,2,19,2,17,1,1,31,1,0,0,0,0,0,0,1,0,,,0,1,0,1,0,0,0,1,1,1,0,0,1,1,1,0,0,0,0,0,0,0,0,0,1,0,1,0,0,0,0,0,11,0,0,4,0,0,9,1,14,0,0,12,2,0,0,14,135,14,9,3.2
2017,28001400,COLEGIO ESTADUAL 28 DE JANEIRO,9,1,10/04/2017,02/02/2018,2,2801,28001,28,2804201,280420105,2,1,,,,,,,,,,,1,1,1,0,0,0,0,0,0,0,,0,0,0,1,1,0,0,0,0,1,0,0,0,1,1,0,1,0,0,0,0,0,1,1,1,1,0,0,1,1,1,1,0,1,0,0,0,1,0,1,1,1,0,0,1,1,0,1,0,0,0,1,0,0,9,9,1,1,1,1,1,0,1,1,1,1,1,0,1,2,1,2,1,2,0,2,4,2,3,1,0,30,5,25,1,1,56,1,0,0,1,0,0,0,1,0,,,0,0,0,1,0,0,0,1,0,0,0,0,1,1,1,0,0,0,0,0,0,0,0,0,0,0,0,0,0,0,0,0,25,0,0,13,4,0,11,1,26,0,0,23,3,0,0,26,192,26,7,3.2
2017,28011082,COLEGIO ESTADUAL SILVIO ROMERO,2,1,20/03/2017,12/01/2018,2,2802,28006,28,2803500,280350005,2,1,,,,,,,,,,,1,1,1,0,0,0,0,0,0,0,,0,0,0,1,1,0,0,0,0,1,0,0,0,1,1,0,1,0,0,0,0,0,1,1,1,1,1,1,0,1,1,1,1,1,0,0,0,1,0,1,1,1,1,0,1,1,0,1,0,0,0,1,0,0,21,21,1,0,1,0,1,0,1,1,1,1,1,1,1,4,0,2,0,2,0,6,1,3,2,1,4,30,7,23,1,1,95,1,1,0,0,0,0,0,1,0,,,0,1,0,1,0,0,0,1,0,0,0,0,0,1,1,0,0,0,0,0,0,0,0,0,0,0,0,0,0,0,0,0,52,0,0,10,4,0,41,0,54,0,0,52,2,0,0,54,957,54,17,3.2
2017,28012542,COLEGIO ESTADUAL DR OSMAN HORA FONTES,2,1,20/02/2017,02/01/2018,2,2802,28006,28,2805802,280580205,2,1,,,,,,,,,,,1,1,1,0,0,0,0,0,0,0,,0,0,1,1,1,0,0,0,0,1,0,0,0,0,1,0,1,0,0,0,0,0,1,1,1,1,0,1,0,1,1,0,1,1,0,0,0,1,0,1,1,1,1,0,1,1,0,1,1,0,0,1,0,0,8,8,1,0,1,0,1,1,1,1,1,1,0,1,1,6,0,3,0,1,3,4,4,3,4,0,5,10,2,8,1,1,36,1,0,0,,0,0,0,1,0,,,0,0,0,1,0,0,0,1,0,0,0,0,0,0,1,0,0,0,0,0,0,0,0,0,0,0,0,0,0,0,0,0,19,0,0,9,0,0,11,0,21,0,0,19,2,0,0,21,200,21,9,3.2
2017,28013921,COLEGIO ESTADUAL ANTONIO MATHIAS BARROSO,6,1,06/03/2017,25/12/2017,2,2803,28007,28,2806404,280640405,2,1,,,,,,,,,,,1,1,1,0,0,0,0,0,0,0,,0,0,0,0,1,0,0,0,0,1,0,0,0,0,1,0,1,0,0,0,0,0,1,1,1,0,1,1,0,1,1,1,1,1,0,0,0,1,0,1,0,1,0,0,1,1,0,0,0,0,0,0,0,0,11,11,1,1,1,1,1,1,1,1,1,1,1,1,1,3,1,1,1,2,1,5,2,2,2,1,5,16,2,14,1,1,43,1,1,0,0,0,0,0,1,0,,,0,1,0,1,0,0,0,1,1,0,0,0,1,1,1,0,0,0,0,0,0,0,0,0,1,1,0,0,0,0,0,0,16,0,0,9,1,0,7,0,16,0,0,16,0,0,0,16,176,16,11,3.2
2017,28018508,COLEGIO ESTADUAL PROFESSOR ARICIO FORTES,0,1,15/05/2017,13/03/2018,2,2803,28011,28,2800308,280030805,2,1,,,,,,,,,,,1,1,1,0,0,0,0,0,0,0,,0,0,0,1,1,0,0,0,0,1,0,0,0,1,0,0,1,0,0,0,0,0,1,1,0,1,1,0,0,0,1,1,0,1,0,0,0,1,0,1,1,1,0,1,1,1,0,1,0,0,0,1,0,0,11,9,1,0,0,1,1,0,1,1,0,1,1,0,1,1,0,0,1,2,0,3,2,0,2,1,0,4,4,0,1,1,40,1,1,0,0,0,0,0,1,0,,,0,0,0,1,0,0,0,1,0,0,0,0,0,0,1,0,0,0,0,0,0,0,0,0,0,0,0,0,0,0,0,0,24,0,0,13,1,1,10,0,25,0,0,25,0,0,0,25,216,25,8,3.2
2017,28023277,COLEGIO ESTADUAL DR JESSE FONTES,1,1,13/02/2017,02/02/2018,2,2803,28012,28,2805109,280510905,2,1,,,,,,,,,,,1,1,1,0,0,0,0,0,0,0,,0,0,0,0,1,0,0,0,0,1,0,0,0,0,1,0,1,0,0,0,0,0,1,1,1,0,1,0,1,1,1,0,0,0,0,0,0,1,0,0,0,0,0,0,1,1,0,0,1,0,0,1,0,0,8,7,1,0,1,1,1,1,1,0,1,1,1,1,1,1,0,1,1,1,1,1,0,1,1,1,1,16,1,1,1,1,42,1,1,0,0,0,0,0,1,0,,,0,1,0,1,0,0,0,1,0,0,0,0,0,1,1,0,0,0,0,0,0,0,0,0,0,0,0,0,0,0,0,0,18,0,0,11,0,0,8,2,19,0,0,18,1,0,0,19,234,19,12,3.2
2017,28026705,COLEGIO ESTADUAL GOVERNADOR LOURIVAL BAPTISTA,7,1,06/02/2017,05/12/2017,2,2801,28001,28,2805604,280560405,2,1,,,,,,,,,,,1,1,1,0,0,0,0,0,0,0,,1,0,0,1,1,0,0,0,0,1,0,0,0,1,1,0,1,0,0,0,0,0,1,1,1,1,0,0,0,0,1,0,1,1,0,0,0,1,0,1,1,1,1,0,1,1,0,1,1,0,0,1,0,0,8,11,1,0,1,1,1,0,1,1,1,1,1,1,1,4,0,1,1,1,0,4,2,3,4,1,8,9,4,5,1,1,61,1,0,1,0,0,0,0,1,0,,,0,1,0,1,0,0,0,1,0,0,0,0,0,1,1,0,0,0,0,0,0,0,0,0,0,0,0,0,0,0,0,0,26,0,0,8,1,1,18,1,27,0,0,23,4,0,0,27,303,27,11,3.2
2017,28012631,COLEGIO ESTADUAL MANOEL JOAQUIM DE OLIVEIRA CAMPOS,6,1,13/02/2017,22/12/2017,2,2803,28007,28,2800100,280010005,2,1,,,,,,,,,,,1,1,1,0,0,0,0,0,0,0,,0,0,0,1,1,0,0,0,0,1,0,0,0,1,0,0,1,0,0,0,0,0,1,1,1,0,0,0,0,0,1,0,1,1,0,0,0,1,0,0,0,1,1,0,1,1,0,1,1,0,0,1,0,0,4,4,1,0,0,0,0,1,0,1,1,1,0,0,1,1,0,0,0,0,1,0,1,1,1,0,0,12,2,10,1,1,17,1,0,0,0,0,0,0,1,0,,,0,0,0,1,0,0,0,1,1,0,0,0,0,0,1,0,0,0,0,0,0,0,0,0,0,1,0,0,0,0,0,0,8,0,0,4,1,0,3,0,8,0,0,7,1,0,0,8,22,8,2,3.1
2017,28013972,ESCOLA ESTADUAL PROFESSOR GOMES NETO,6,1,06/02/2017,15/12/2017,2,2803,28007,28,2806404,280640405,2,2,,,,,,,,,,,0,1,3,0,0,0,0,0,0,0,,0,0,0,1,1,0,0,0,0,1,0,0,0,0,1,0,1,0,0,0,0,0,1,1,0,0,0,0,0,0,1,0,0,0,0,0,0,1,0,1,0,1,0,0,1,0,0,0,0,0,0,0,0,0,6,6,1,0,1,1,0,1,0,1,1,1,0,1,1,2,0,1,1,0,1,0,1,2,1,0,2,2,1,0,1,1,31,1,0,1,1,0,0,0,1,0,,,0,1,0,1,0,0,0,1,0,0,0,0,1,1,1,0,0,0,0,0,0,0,0,0,0,0,0,0,0,0,0,0,11,0,0,6,2,0,3,3,11,0,0,8,3,0,0,11,48,11,4,3.1
2017,28016106,COLEGIO ESTADUAL JOAO DIAS GUIMARAES,6,1,20/02/2017,28/12/2017,2,2803,28009,28,2806909,280690905,2,1,,,,,,,,,,,0,1,1,0,0,0,0,0,0,0,,0,0,1,1,1,0,0,0,0,1,0,0,0,0,1,0,1,0,0,0,0,0,1,0,1,0,0,0,0,0,1,0,0,0,0,0,0,1,0,1,1,1,0,0,1,0,0,1,1,0,0,1,0,0,5,5,1,0,1,0,0,1,1,1,1,1,1,1,1,2,0,2,0,0,1,2,1,1,1,1,1,18,1,18,1,1,33,1,0,0,0,0,0,0,1,0,,,0,0,0,1,0,0,0,1,0,0,0,0,0,0,1,0,0,0,0,0,0,0,0,0,0,0,0,0,0,0,0,0,10,0,0,8,1,0,3,0,12,0,0,11,1,0,0,12,55,12,4,3.1
2017,28018494,COLEGIO ESTADUAL NELSON MANDELA,0,1,27/03/2017,31/01/2018,2,2803,28011,28,2800308,280030805,2,1,,,,,,,,,,,1,1,1,0,0,0,0,0,0,0,,0,0,0,1,1,0,0,0,0,1,0,0,0,1,1,0,1,0,0,0,0,0,1,1,1,1,0,1,0,1,1,1,1,1,0,0,0,1,0,1,1,1,1,1,1,1,1,1,1,0,0,1,0,0,18,18,1,1,1,1,1,1,1,1,1,1,1,1,1,6,2,4,1,2,3,5,2,3,13,1,5,29,7,22,1,1,72,1,0,1,0,0,0,0,1,0,,,0,0,0,1,0,0,0,1,0,0,0,0,0,1,1,0,0,0,0,0,0,0,0,0,0,0,0,0,0,0,0,0,34,0,0,13,2,1,22,1,37,0,0,37,0,0,0,37,368,37,9,3.1
2017,28018761,COLEGIO ESTADUAL LEONOR TELES DE MENEZES,0,1,10/04/2017,22/02/2018,2,2803,28011,28,2800308,280030805,2,1,,,,,,,,,,,1,1,1,0,0,0,0,0,0,0,,0,0,0,1,1,0,0,0,0,1,0,0,0,0,1,0,1,0,0,0,0,0,1,1,1,0,0,0,1,1,1,1,0,1,0,0,0,1,0,1,1,1,0,0,1,1,0,1,0,0,0,0,0,0,6,6,1,0,1,1,1,0,1,1,1,1,0,1,1,3,0,3,1,2,0,3,1,4,3,0,2,19,3,19,1,1,40,1,0,1,0,0,0,0,1,0,,,0,1,0,1,0,0,0,1,1,0,0,0,0,1,1,0,0,0,0,0,0,0,0,0,1,1,0,0,0,0,0,0,16,0,0,5,0,0,12,1,17,0,0,17,0,0,0,17,159,17,9,3.1
2017,28002245,COLEGIO ESTADUAL PROFESSOR JUSTINIANO DE MELO E SILVA,9,1,10/04/2017,31/01/2018,2,2801,28001,28,2805406,280540605,2,1,,,,,,,,,,,1,1,1,0,0,0,0,0,0,0,,0,0,0,1,1,0,0,0,0,1,0,0,0,1,0,0,1,0,0,0,0,0,1,1,1,1,0,0,0,0,1,1,0,1,0,0,0,1,0,1,1,1,1,0,1,1,0,1,0,0,0,1,0,0,6,6,1,1,1,1,1,1,1,1,1,1,1,1,1,3,1,2,1,2,1,1,1,1,3,1,1,21,3,18,1,1,34,1,0,0,,0,0,0,1,0,,,0,0,0,1,0,0,0,1,0,0,0,0,0,0,1,0,0,0,0,0,0,0,0,0,0,0,0,0,0,0,0,0,22,0,0,14,3,0,7,1,23,0,0,22,1,0,0,23,357,23,15,2.9
2017,28006739,COLEGIO ESTADUAL ROQUE JOSE DE SOUZA,3,1,13/03/2017,26/01/2018,2,2802,28004,28,2801009,280100905,2,1,,,,,,,,,,,1,1,1,0,0,0,0,0,0,0,,0,0,0,1,1,0,0,0,0,1,0,0,0,0,1,0,1,0,0,0,0,0,1,1,1,0,0,0,0,0,1,0,0,0,0,0,0,1,0,1,1,1,1,0,0,1,0,1,1,0,0,1,0,0,11,11,1,0,1,0,1,0,0,1,1,1,1,1,1,3,0,3,0,3,0,0,3,8,5,1,12,27,7,15,1,1,52,1,0,1,0,0,0,0,1,0,,,0,0,0,1,0,0,0,1,0,0,0,0,0,1,1,0,0,0,0,0,0,0,0,0,0,0,0,0,0,0,0,0,24,0,0,10,1,0,14,2,25,0,0,25,0,0,0,25,292,25,11,2.9
2017,28017854,COLEGIO ESTADUAL PROFESSOR PAULO FREIRE,0,1,10/04/2017,23/02/2018,2,2803,28011,28,2800308,280030805,2,1,,,,,,,,,,,1,1,1,0,0,0,0,0,0,0,,0,0,0,1,1,0,0,0,0,1,0,0,0,1,0,0,1,0,0,0,0,0,1,1,1,1,0,1,0,1,1,1,0,1,0,0,0,1,0,1,1,1,1,1,1,1,1,1,1,0,0,0,0,0,20,20,1,0,1,0,1,1,1,0,1,1,0,1,1,2,0,2,0,2,7,3,0,2,1,0,3,25,3,22,1,1,81,1,0,0,0,0,0,0,1,0,,,0,1,0,1,0,0,0,1,0,0,0,0,0,1,1,0,0,0,0,0,0,0,0,0,0,0,0,0,0,0,0,0,28,0,0,17,2,0,13,0,32,0,0,32,0,0,0,32,301,32,9,2.9
2017,28003055,COLEGIO ESTADUAL QUILOMBOLA 27 DE MAIO,7,1,02/03/2017,22/12/2017,2,2801,28001,28,2805604,280560405,2,2,,,,,,,,,,,1,1,1,0,0,0,0,0,0,0,,0,0,0,0,1,0,0,0,0,1,0,0,0,0,1,0,0,1,0,0,0,0,0,0,1,0,0,0,0,0,1,1,0,1,0,0,0,1,0,0,0,1,0,0,0,1,0,1,0,0,1,0,0,0,7,7,1,0,1,1,1,1,1,1,1,1,0,1,1,6,0,2,2,2,1,4,1,3,2,0,2,10,2,8,1,1,25,1,0,0,1,3,1,0,0,0,,,0,0,0,1,0,0,0,1,0,0,0,0,1,1,1,0,0,0,0,0,0,0,0,0,0,0,0,0,0,0,0,0,7,0,0,4,0,0,5,1,9,0,0,9,0,0,0,9,48,9,5,2.8
2017,28013093,COLEGIO ESTADUAL DR JESSE TRINDADE,6,1,06/02/2017,19/12/2017,2,2803,28007,28,2802700,280270005,2,1,,,,,,,,,,,1,1,1,0,0,0,0,0,0,0,,0,0,0,1,1,0,0,0,0,1,0,0,0,0,1,0,1,0,0,0,0,0,1,0,1,0,1,1,0,1,1,0,1,1,0,0,0,1,0,1,1,1,0,0,1,1,0,1,0,0,0,1,0,0,8,7,1,0,1,1,1,1,1,1,1,1,0,1,1,1,0,2,1,2,1,1,1,2,2,0,4,15,2,12,1,1,28,1,1,0,1,0,0,0,1,0,,,0,1,0,1,0,0,0,1,1,0,0,0,0,1,1,0,0,0,0,0,0,0,0,0,0,1,0,0,0,0,0,0,16,0,0,7,1,0,8,0,16,0,0,16,0,0,0,16,154,16,9,2.8
2017,28013158,COLEGIO ESTADUAL PROFESSOR ANTONIO CALIXTO DE FIGUEIREDO CRUZ,6,1,20/02/2017,29/12/2017,2,2803,28007,28,2802700,280270005,2,2,,,,,,,,,,,1,1,1,0,0,0,0,0,0,0,,0,0,0,1,1,0,0,0,0,1,0,0,0,0,1,0,1,0,0,0,0,0,0,0,0,0,0,0,0,0,1,0,0,0,0,0,0,1,0,0,0,1,1,0,1,0,0,1,0,0,0,1,0,0,4,3,0,0,0,0,0,0,0,1,0,1,0,0,1,0,0,0,0,0,0,0,1,0,3,0,0,1,1,0,1,1,15,1,0,0,0,0,0,0,1,0,,,0,0,0,1,0,0,0,1,0,0,0,0,0,1,1,0,0,0,0,0,0,0,0,0,0,0,0,0,0,0,0,0,9,0,0,4,0,0,6,2,10,0,0,10,0,0,0,10,70,10,7,2.8
2017,28014693,COLEGIO ESTADUAL DR JOAO DE MELO PRADO,5,1,10/04/2017,07/02/2018,2,2803,28008,28,2802007,280200705,2,1,,,,,,,,,,,1,1,1,0,0,0,0,0,0,0,,0,0,0,1,1,0,0,0,0,1,0,0,0,0,1,0,1,0,0,0,0,0,1,1,1,0,0,0,0,0,1,1,0,1,0,0,0,1,0,1,1,1,1,1,1,1,0,1,0,0,0,0,1,0,7,4,1,0,1,0,1,0,1,1,1,1,0,1,1,2,0,1,0,1,0,1,1,1,2,0,1,20,4,16,1,1,31,1,0,0,0,0,0,0,1,0,,,0,0,0,1,0,0,0,1,0,0,0,0,0,0,1,0,0,0,0,0,0,0,0,0,0,0,0,0,0,0,0,0,20,0,0,7,2,0,11,3,21,0,0,18,3,0,0,21,172,21,8,2.8
2017,28015983,COLEGIO ESTADUAL JOSE AMARAL LEMOS,4,1,15/03/2017,06/02/2018,2,2803,28009,28,2805307,280530705,2,1,,,,,,,,,,,1,1,1,0,0,0,0,0,0,0,,0,0,0,1,1,0,0,0,0,1,0,0,0,0,1,0,1,0,0,0,0,0,1,1,1,0,1,0,0,0,1,0,0,0,0,0,0,1,0,1,1,1,1,0,1,1,0,1,1,0,0,1,0,0,7,7,1,0,1,0,0,0,0,1,1,1,1,0,1,1,0,1,0,0,0,0,4,3,3,1,0,27,2,25,1,1,52,1,1,0,0,0,0,0,1,0,,,0,1,0,1,0,0,0,1,0,0,0,0,0,1,1,0,0,0,0,0,0,0,0,0,0,0,0,0,0,0,0,0,20,0,0,8,3,0,9,0,20,0,0,20,0,0,0,20,184,20,9,2.8
2017,28025326,CENTRO DE EXCELENCIA ARQUIBALDO MENDONCA,1,1,02/03/2017,22/01/2018,2,2803,28013,28,2802809,280280905,2,1,,,,,,,,,,,1,1,1,0,0,0,0,0,0,0,,0,0,1,1,1,0,0,0,0,1,0,0,0,0,1,0,1,0,0,0,0,0,1,1,1,0,1,0,0,0,1,0,0,0,0,0,0,1,0,1,1,1,1,0,0,1,0,1,1,0,0,0,0,0,12,12,1,0,1,1,1,1,1,1,1,1,0,1,1,4,0,1,1,2,2,4,2,5,8,0,4,36,1,11,1,1,59,1,1,0,0,0,0,0,1,0,,,0,0,0,1,0,0,0,1,1,1,0,0,0,0,1,0,0,0,0,0,0,0,0,0,1,0,1,0,0,0,0,0,34,0,0,18,5,0,11,3,36,0,0,33,3,0,0,36,467,36,12,2.8
2017,28027736,COLEGIO ESTADUAL PROFESSOR JOSE AUGUSTO DA ROCHA LIMA,7,1,06/03/2017,29/12/2017,2,2801,28001,28,2802403,280240305,2,1,,,,,,,,,,,1,1,1,0,0,0,0,0,0,0,,0,0,0,1,1,0,0,0,0,1,0,0,0,1,0,0,1,0,0,0,0,0,1,0,1,1,0,0,0,0,1,0,0,0,0,0,0,1,0,1,1,1,0,0,1,0,0,1,0,0,0,0,0,0,4,3,1,1,1,0,1,1,1,1,1,1,1,1,1,2,1,1,0,1,1,3,2,1,2,1,1,12,2,10,1,1,33,1,0,0,0,0,0,0,1,0,,,0,0,0,1,0,0,0,1,0,0,0,0,0,0,1,0,0,0,0,0,0,0,0,0,0,0,0,0,0,0,0,0,13,0,0,6,0,0,7,1,13,0,0,12,1,0,0,13,179,13,13,2.8
2017,28006330,COLEGIO ESTADUAL GENERAL CALAZANS,5,1,13/02/2017,13/01/2018,2,2802,28003,28,2804607,280460705,2,1,,,,,,,,,,,1,1,1,0,0,0,0,0,0,0,,0,0,0,0,1,0,1,0,0,1,0,0,0,0,1,0,1,0,0,0,0,0,1,1,1,0,1,1,0,1,1,1,0,1,0,0,0,1,0,1,1,1,0,1,1,1,0,1,1,0,0,1,0,0,14,14,1,0,1,0,1,1,1,1,1,1,0,1,1,4,0,2,0,1,1,1,1,5,1,0,4,13,5,8,1,1,73,1,1,0,0,0,0,0,1,0,,,0,0,0,1,0,0,0,1,1,0,0,0,1,1,1,0,0,0,0,0,0,0,0,0,1,1,0,0,0,0,0,0,24,0,0,4,0,0,19,0,24,0,0,24,0,0,0,24,199,24,8,2.7
2017,28008227,COLEGIO ESTADUAL JOSE JOAQUIM CARDOSO,3,1,17/04/2017,09/02/2018,2,2802,28004,28,2803906,280390605,2,1,,,,,,,,,,,1,1,1,0,0,0,0,0,0,0,,0,0,0,1,1,0,0,0,0,1,0,0,0,0,1,0,1,0,0,0,0,0,1,1,1,0,1,1,0,1,1,1,0,1,0,0,0,1,0,1,1,1,0,0,1,1,0,1,1,0,0,0,0,0,6,5,1,0,1,0,1,1,1,1,1,1,0,1,1,3,0,2,0,1,1,2,1,3,4,0,2,22,3,18,1,1,30,1,0,0,0,0,0,0,1,0,,,0,1,0,1,0,0,0,1,1,0,0,0,0,0,1,0,0,0,0,0,0,0,0,0,0,1,0,0,0,0,0,0,19,0,0,6,1,0,11,1,19,0,0,19,0,0,0,19,117,19,6,2.7
2017,28021045,COLEGIO ESTADUAL DEP ELISIO CARMELO,8,1,17/04/2017,23/02/2018,2,2803,28011,28,2806701,280670105,2,1,,,,,,,,,,,1,1,2,0,0,0,0,0,0,0,,0,0,0,1,1,0,0,0,0,1,0,0,0,1,0,0,1,0,0,0,0,0,1,1,1,0,0,0,1,1,1,1,0,1,0,0,1,1,0,0,0,1,0,0,1,1,1,1,0,0,0,0,0,0,11,11,1,1,1,0,1,1,1,1,1,1,1,1,1,2,1,1,0,1,1,1,1,1,1,1,2,18,4,14,1,1,70,1,0,1,0,0,0,0,1,0,,,0,1,0,1,0,0,0,1,1,0,0,0,0,1,1,0,0,0,0,0,0,0,0,0,0,1,0,0,0,0,0,0,27,0,0,10,1,0,18,2,28,0,0,27,1,0,0,28,347,28,12,2.6
2017,28012836,COLEGIO ESTADUAL SAO FRANCISCO DE ASSIS,6,1,20/02/2017,22/12/2017,2,2803,28007,28,2801108,280110805,2,1,,,,,,,,,,,1,1,1,0,0,0,0,0,0,0,,0,0,0,1,1,0,0,0,0,1,0,0,0,0,1,0,1,0,0,0,0,0,0,1,1,0,0,0,0,0,1,0,0,0,0,0,0,1,0,0,0,1,1,0,1,1,0,1,1,0,0,1,0,0,4,4,1,0,1,1,1,1,1,1,0,1,0,0,1,1,0,1,1,1,1,1,1,0,1,0,0,10,0,9,1,1,31,1,0,0,0,0,0,0,1,0,,,0,0,0,1,0,0,0,1,1,0,0,0,0,1,1,0,0,0,0,0,0,0,0,0,0,1,0,0,0,0,0,0,11,0,0,6,1,0,4,0,11,0,0,11,0,0,0,11,32,11,2,2.5
2017,28013247,COLEGIO ESTADUAL CALDAS JUNIOR,6,1,15/02/2017,31/01/2018,2,2803,28007,28,2804409,280440905,2,1,,,,,,,,,,,1,1,1,0,0,0,0,0,0,0,,0,0,0,1,1,0,0,0,0,1,0,0,0,1,0,0,1,0,0,0,0,0,1,1,1,0,0,1,0,1,1,1,0,1,0,0,0,1,0,1,1,1,1,1,1,1,1,0,1,0,0,1,0,0,12,12,1,0,1,0,1,1,1,1,1,1,0,1,1,2,0,2,0,1,2,2,1,2,2,0,1,19,2,17,1,0,35,1,0,0,0,0,0,0,1,0,,,0,1,0,1,0,0,0,1,1,0,0,0,0,1,1,0,0,0,0,0,0,0,0,0,1,1,0,0,0,0,0,0,16,0,0,12,1,0,3,2,16,0,0,16,0,0,0,16,151,16,9,2.5
2017,28014812,COLEGIO ESTADUAL DR EDELZIO VIEIRA DE MELO,8,1,15/02/2017,30/11/2017,2,2803,28008,28,2806503,280650305,2,1,,,,,,,,,,,1,1,1,0,0,0,0,0,0,0,,0,0,0,1,1,0,0,0,0,1,0,0,0,0,1,0,1,0,0,0,0,0,1,1,1,0,0,0,0,0,1,1,0,1,0,0,0,1,0,1,0,1,0,0,1,0,0,1,0,0,0,0,0,0,4,4,1,0,1,1,1,1,1,1,1,1,1,1,1,1,0,2,1,1,1,1,2,1,2,1,1,22,7,15,1,1,26,1,0,0,0,0,0,0,1,0,,,0,0,0,1,0,0,0,1,0,0,0,0,0,0,1,0,0,0,0,0,0,0,0,0,0,0,0,0,0,0,0,0,12,0,0,3,0,0,9,0,12,0,0,12,0,0,0,12,96,12,8,2.5
2017,28003047,COLEGIO ESTADUAL PEDRO ALVES DE SOUZA,7,1,02/03/2017,16/01/2018,2,2801,28001,28,2805604,280560405,2,2,,,,,,,,,,,1,1,1,0,0,0,0,0,0,0,,1,1,0,1,1,0,0,0,0,1,0,0,0,1,1,0,1,0,0,0,0,0,0,0,1,0,0,0,0,0,1,0,0,0,0,0,0,1,0,1,1,1,0,0,1,0,0,1,1,0,0,0,0,0,4,11,1,0,1,1,1,1,0,1,1,1,0,1,1,1,0,1,1,2,1,0,1,3,2,0,1,12,3,9,1,0,33,1,0,1,1,0,0,0,1,0,,,0,0,0,1,0,0,0,1,0,0,0,0,1,1,1,0,0,0,0,0,0,0,0,0,0,0,0,0,0,0,0,0,13,0,0,2,0,0,11,0,13,0,0,11,2,0,0,13,85,13,6,2.4
2017,28013700,COLEGIO ESTADUAL CEL JOAO FERNANDES DE BRITTO,6,1,27/03/2017,10/02/2018,2,2803,28007,28,2805703,280570305,2,1,,,,,,,,,,,1,1,1,0,0,0,0,0,0,0,,0,0,0,1,1,0,0,0,0,1,0,0,0,1,0,0,1,0,0,0,0,0,1,1,1,0,0,0,0,0,1,1,0,1,0,0,0,1,0,0,0,1,0,1,1,1,0,1,0,0,0,0,0,0,10,10,1,0,1,1,0,1,0,1,1,1,0,1,1,2,0,1,1,0,1,0,1,4,2,0,1,31,9,22,1,1,64,1,0,0,0,0,0,0,1,0,,,0,0,0,1,0,0,0,1,0,0,0,0,0,1,1,0,0,0,0,0,0,0,0,0,0,0,0,0,0,0,0,0,30,0,0,20,0,0,12,3,32,0,0,32,0,0,0,32,193,32,6,2.4
2017,28016890,COLEGIO ESTADUAL LEANDRO MACIEL,4,1,13/02/2017,29/12/2017,2,2803,28010,28,2806107,280610705,2,1,,,,,,,,,,,1,1,1,0,0,0,0,0,0,0,,0,0,0,1,1,0,0,0,0,1,0,0,0,0,1,0,1,0,0,0,0,0,1,1,1,1,0,1,0,1,1,1,0,1,0,0,0,1,0,1,1,1,0,1,1,1,0,0,1,0,0,0,0,0,11,11,1,0,1,0,1,1,1,1,1,1,1,1,1,3,0,4,0,2,2,3,2,3,2,1,2,8,3,5,1,1,53,1,0,0,0,0,0,0,1,0,,,0,1,0,1,0,0,0,1,1,0,0,0,1,1,1,0,0,0,0,0,0,0,0,0,0,1,0,0,0,0,0,0,24,0,0,10,5,0,9,0,24,0,0,24,0,0,0,24,261,24,10,2.4
2017,28029569,COLEGIO ESTADUAL JOSE DE MATOS TELES,4,1,17/04/2017,09/02/2018,2,2803,28009,28,2803302,280330205,2,1,,,,,,,,,,,1,1,1,0,0,0,0,0,0,0,,0,0,0,1,1,0,0,0,0,1,0,0,0,0,1,0,1,0,0,0,0,0,1,1,1,1,0,0,1,1,1,1,0,1,0,0,0,1,0,1,1,1,0,0,1,1,0,1,0,0,0,1,0,0,7,7,1,0,1,0,1,0,1,1,1,1,0,1,1,3,0,2,0,1,0,1,1,2,3,0,1,22,4,18,1,1,47,1,0,0,0,0,0,0,1,0,,,0,0,0,1,0,0,0,1,0,0,0,0,0,0,1,0,0,0,0,0,0,0,0,0,0,0,0,0,0,0,0,0,23,0,0,9,3,0,12,1,23,0,0,22,1,0,0,23,329,23,14,2.3
2017,28032225,COL EST PROFESSORA MARIA DAS GRACAS AZEVEDO MELO,2,1,25/04/2017,24/02/2018,2,2802,28006,28,2803500,280350005,2,2,,,,,,,,,,,1,1,1,0,0,0,0,0,0,0,,0,0,0,1,1,0,0,0,0,1,0,0,0,1,0,0,1,0,0,0,0,0,1,1,1,1,0,0,1,1,1,0,1,1,0,0,0,1,0,1,1,1,1,0,1,1,0,1,0,0,0,1,0,0,8,8,1,1,1,0,1,1,1,1,1,1,1,1,1,1,1,1,0,1,1,2,2,3,2,1,1,17,2,10,1,1,28,1,0,0,0,0,0,0,1,0,,,0,0,0,1,0,0,0,1,0,0,0,0,0,0,1,0,0,0,0,0,0,0,0,0,0,0,0,0,0,0,0,0,19,0,0,6,2,0,11,0,19,0,0,16,3,0,0,19,219,19,11,2.1
2017,28024532,COLEGIO ESTADUAL ARABELA RIBEIRO,1,1,06/03/2017,12/01/2018,2,2803,28013,28,2802106,280210605,2,1,,,,,,,,,,,1,1,1,0,0,0,0,0,0,0,,0,0,0,1,1,0,0,0,0,1,0,0,0,0,1,0,1,0,0,0,0,0,1,1,1,1,1,0,0,0,1,1,0,1,0,0,0,1,0,1,0,1,1,0,0,0,1,1,1,0,0,0,0,0,15,15,1,1,1,0,0,1,1,0,0,1,0,1,1,4,1,2,0,0,1,1,0,0,2,0,2,23,20,3,1,1,60,1,1,0,0,0,0,0,1,0,,,0,1,0,1,0,0,0,1,0,0,0,0,0,1,1,0,0,0,0,0,0,0,0,0,0,0,0,0,0,0,0,0,20,0,0,7,2,0,11,0,20,0,1,20,0,0,1,21,160,21,7,1.9
2017,28085400,ESCOLA DE ENSINO FUNDAMENTAL E MEDIO JOAO BATISTA DA ROCHA,1,1,16/01/2017,31/12/2017,2,2803,28013,28,2802106,280210605,4,1,1,0,,0,0,0,1,0,,,1,1,3,0,0,0,0,0,0,0,,0,0,0,1,1,0,0,0,0,1,0,0,0,1,0,0,1,0,0,0,0,0,1,1,1,1,0,1,0,1,1,1,0,1,0,0,0,1,0,0,1,1,1,1,1,0,1,0,0,0,0,0,0,0,13,13,1,0,1,1,1,0,1,1,1,1,0,1,1,1,0,1,1,1,0,3,1,1,12,0,1,70,11,59,1,1,48,1,0,0,0,0,0,0,1,0,,,0,0,0,1,0,0,0,1,1,0,0,0,0,1,1,0,0,0,0,0,0,0,0,0,1,1,0,0,0,0,0,0,31,0,0,9,2,0,21,0,32,0,0,0,0,0,32,32,340,32,10,5
2017,28022033,COLEGIO ESTADUAL CLEONICE SOARES DA FONSECA,2,1,20/02/2017,21/12/2017,2,2803,28012,28,2800670,280067005,2,1,,,,,,,,,,,1,1,1,0,0,0,0,0,0,0,,0,0,0,1,1,0,0,0,0,1,0,0,0,0,1,0,1,0,0,0,0,0,1,1,1,1,0,1,0,1,1,1,0,1,0,0,0,1,0,1,1,1,0,1,1,1,0,1,0,0,0,1,0,0,9,9,1,0,1,0,1,1,1,1,1,1,1,0,1,1,0,1,0,2,1,1,2,3,2,1,0,42,4,33,1,1,71,1,0,0,0,0,0,0,1,0,,,0,0,0,1,0,0,0,1,1,1,0,0,0,1,1,1,0,0,0,0,0,0,0,0,0,1,0,0,0,0,1,0,25,0,0,12,4,2,11,3,27,0,0,27,0,0,0,27,326,27,12,4
2017,28005759,COLEGIO ESTADUAL EMILIANO GUIMARAES,6,1,27/03/2017,16/01/2018,2,2802,28003,28,2803807,280380705,2,1,,,,,,,,,,,1,1,1,0,0,0,0,0,0,0,,0,0,0,1,1,0,0,0,0,1,0,0,0,0,0,1,1,0,0,0,0,0,1,1,1,0,0,0,0,0,1,0,1,1,0,0,0,1,0,1,1,1,1,0,1,1,0,1,1,0,0,1,0,0,7,7,1,0,1,0,1,1,1,1,1,1,0,1,1,2,0,2,0,1,1,3,2,2,2,0,1,14,4,10,1,1,33,1,0,0,0,0,0,0,1,0,,,0,0,0,1,0,0,0,1,1,0,0,0,0,1,1,0,0,0,0,0,0,0,0,0,0,1,0,0,0,0,0,0,15,0,0,6,0,0,10,0,16,0,0,14,2,0,0,16,85,16,5,3
2017,28018940,COLEGIO ESTADUAL SANTOS DUMONT,0,1,02/05/2017,21/03/2018,2,2803,28011,28,2800308,280030805,2,1,,,,,,,,,,,1,1,1,0,0,0,0,0,0,0,,0,0,0,1,1,0,0,0,0,1,0,0,0,1,1,0,1,0,0,0,0,0,1,1,1,0,1,1,0,1,1,1,0,1,0,0,0,1,0,1,1,1,1,1,1,1,1,1,1,0,0,1,0,0,15,15,1,0,1,0,0,0,1,1,1,0,0,0,1,1,0,1,0,0,0,1,1,2,0,0,0,11,4,7,1,1,88,1,1,0,0,0,0,0,1,0,,,0,1,0,1,0,0,0,1,0,0,0,0,1,1,1,0,0,0,0,0,0,0,0,0,0,0,0,0,0,0,0,0,29,0,0,16,5,2,8,5,30,0,0,30,0,0,0,30,257,30,8,3
2017,28025903,COLEGIO ESTADUAL COMENDADOR CALAZANS,1,1,13/03/2017,05/02/2018,2,2803,28013,28,2806305,280630505,2,1,,,,,,,,,,,1,1,1,0,0,0,0,0,0,0,,0,0,0,1,1,0,1,0,0,1,0,0,0,0,1,0,1,0,0,0,0,0,1,1,1,0,1,0,0,0,1,0,1,1,0,0,0,1,0,1,1,1,1,0,1,1,0,1,0,0,0,0,0,0,9,8,1,0,1,0,0,0,0,1,1,1,0,1,1,2,0,3,0,0,0,0,1,3,1,0,2,20,1,20,1,1,41,1,1,0,0,0,0,0,1,0,,,0,0,0,1,0,0,0,1,0,0,0,0,0,1,1,0,0,0,0,0,0,0,0,0,0,0,0,0,0,0,0,0,16,0,0,11,1,0,4,2,16,0,0,15,1,0,0,16,184,16,11,3
2017,28029577,COLEGIO ESTADUAL PREFEITO JOALDO LIMA DE CARVALHO,1,1,06/03/2017,29/01/2018,2,2803,28012,28,2803005,280300505,2,1,,,,,,,,,,,1,1,1,0,0,0,0,0,0,0,,0,0,0,1,1,0,0,0,0,1,0,0,0,0,1,0,1,0,0,0,0,0,1,1,1,0,0,1,0,1,1,0,1,1,0,0,0,1,0,1,1,1,1,0,1,1,0,1,1,0,0,1,0,0,8,8,0,0,0,0,0,0,1,1,1,1,0,1,1,0,0,0,0,0,0,1,1,1,2,0,1,10,2,8,1,0,42,1,0,1,0,0,0,0,1,0,,,0,0,0,1,0,0,0,1,0,0,0,0,0,0,1,0,0,0,0,0,0,0,0,0,0,0,0,0,0,0,0,0,25,0,0,12,1,0,15,0,27,0,0,24,3,0,0,27,472,27,17,3
