,0
ID_AREA,132
TX_RESP_Q028_B,517
TX_RESP_Q043_A,755
TX_RESP_Q033_A,497
TX_RESP_Q042_C,158
TX_RESP_Q039_D,55
TX_RESP_Q053_B,1644
TX_RESP_Q005_A,210
TX_RESP_Q005_E,29
TX_RESP_Q006_E,9
TX_RESP_Q007_C,126
TX_RESP_Q009_C,39
TX_RESP_Q009_E,3
TX_RESP_Q010_E,3
TX_RESP_Q012_B,1064
TX_RESP_Q012_E,2
TX_RESP_Q013_C,130
TX_RESP_Q014_C,1025
TX_RESP_Q014_D,115
TX_RESP_Q015_A,22
TX_RESP_Q015_B,253
TX_RESP_Q017_B,314
TX_RESP_Q017_C,44
TX_RESP_Q036_A,1039
TX_RESP_Q036_E,225
TX_RESP_Q002_B,784
TX_RESP_Q002_E,73
TX_RESP_Q016_A,44
TX_RESP_Q019_F,343
TX_RESP_Q023_F,147
TX_RESP_Q004_B,199
TX_RESP_Q004_G,239
TX_RESP_Q004_H,345
TX_RESP_Q003_I,418
CO_ORGAO_REGIONAL,250
DT_ANO_LETIVO_INICIO,-1894570042257309696
DT_ANO_LETIVO_TERMINO,84421957742690304
CO_MESORREGIAO,204574
TP_REGULAMENTACAO,71
TP_OCUPACAO_PREDIO_ESCOLAR,75
IN_LOCAL_FUNC_SALAS_OUTRA_ESC,2
IN_ESGOTO_REDE_PUBLICA,39
IN_SALA_DIRETORIA,66
IN_SALA_PROFESSOR,66
IN_LABORATORIO_INFORMATICA,65
IN_QUADRA_ESPORTES_COBERTA,32
IN_QUADRA_ESPORTES_DESCOBERTA,8
IN_QUADRA_ESPORTES,40
IN_BIBLIOTECA,46
IN_SALA_LEITURA,25
IN_BIBLIOTECA_SALA_LEITURA,58
IN_BANHEIRO_CHUVEIRO,43
IN_ALMOXARIFADO,63
IN_EQUIP_TV,71
IN_EQUIP_IMPRESSORA_MULT,63
IN_EQUIP_FAX,24
NU_EQUIP_TV,188
NU_EQUIP_IMPRESSORA_MULT,111
NU_EQUIP_MULTIMIDIA,169
NU_EQUIP_FAX,24
NU_COMP_ALUNO,962
NU_FUNCIONARIOS,3566
IN_FINAL_SEMANA,31
IN_EJA,26
IN_COMUM_FUND_AF,54
ID_MUNICIPIO,204668286
TX_RESP_Q040_B,48
TX_RESP_Q050_B,491
TX_RESP_Q051_D,76
TX_RESP_Q010_C,17
TX_RESP_Q037_C,637
TX_RESP_Q003_D,467
CO_MUNICIPIO,204668286
CO_DISTRITO,20466828975
IN_ESGOTO_FOSSA,48
IN_DEPENDENCIAS_PNE,53
IN_AUDITORIO,14
IN_PATIO_COBERTO,65
IN_PATIO_DESCOBERTO,37
IN_ALOJAM_PROFESSOR,3
IN_LAVANDERIA,4
IN_EQUIP_VIDEOCASSETE,16
IN_EQUIP_COPIADORA,52
IN_EQUIP_IMPRESSORA,60
IN_EQUIP_SOM,67
NU_EQUIP_DVD,112
NU_EQUIP_PARABOLICA,31
IN_FUNDAMENTAL_CICLOS,11
IN_PROFISSIONALIZANTE,4
IN_COMUM_EJA_FUND,13
IN_COMUM_EJA_PROF,3
Valor Real Ideb,abaixo da médiaacima da médiaabaixo da médiaacima da médiaacima da médiaacima da médiaabaixo da médiaabaixo da médiaacima da médiaabaixo da médiaacima da médiaacima da médiaabaixo da médiaacima da médiaacima da médiaacima da médiaacima da médiaacima da médiaabaixo da médiaabaixo da médiaacima da médiaabaixo da médiaabaixo da médiaabaixo da médiaabaixo da médiaabaixo da médiaabaixo da médiaabaixo da médiaacima da médiaabaixo da médiaabaixo da médiaacima da médiaabaixo da médiaabaixo da médiaacima da médiaabaixo da médiaabaixo da médiaacima da médiaabaixo da médiaacima da médiaabaixo da médiamédiaacima da médiaabaixo da médiaacima da médiaacima da médiaacima da médiaabaixo da médiaabaixo da médiaabaixo da médiaabaixo da médiaabaixo da médiaabaixo da médiaabaixo da médiamédiaabaixo da médiaacima da médiaacima da médiaacima da médiaabaixo da médiaabaixo da médiaabaixo da médiaabaixo da médiaabaixo da médiaacima da médiaacima da médiaabaixo da médiaacima da médiaacima da médiaacima da médiaacima da médiaacima da médiaacima da média
Previsão Ideb,abaixo da médiaacima da médiaabaixo da médiaacima da médiaacima da médiaacima da médiaabaixo da médiaabaixo da médiaacima da médiaabaixo da médiaacima da médiaacima da médiaabaixo da médiaacima da médiaacima da médiaacima da médiaacima da médiaacima da médiaabaixo da médiaabaixo da médiaacima da médiaabaixo da médiaabaixo da médiaabaixo da médiaabaixo da médiaabaixo da médiaabaixo da médiaabaixo da médiaacima da médiaabaixo da médiaabaixo da médiaacima da médiaabaixo da médiaabaixo da médiaacima da médiaabaixo da médiaabaixo da médiaacima da médiaabaixo da médiaacima da médiaabaixo da médiamédiaacima da médiaabaixo da médiaacima da médiaacima da médiaacima da médiaabaixo da médiaabaixo da médiaabaixo da médiaabaixo da médiaabaixo da médiaabaixo da médiaabaixo da médiamédiaabaixo da médiaacima da médiaacima da médiaacima da médiaabaixo da médiaabaixo da médiaabaixo da médiaabaixo da médiaabaixo da médiaacima da médiaacima da médiaabaixo da médiaacima da médiaacima da médiaacima da médiaacima da médiaacima da médiaacima da média
