,0
ID_DEPENDENCIA_ADM,743
TX_RESP_Q020_B,4186
TX_RESP_Q024_B,7163
TX_RESP_Q043_A,9504
TX_RESP_Q018_B,4919
TX_RESP_Q040_C,389
TX_RESP_Q041_B,3742
TX_RESP_Q042_B,925
TX_RESP_Q042_C,2411
TX_RESP_Q055_A,18994
TX_RESP_Q039_C,496
TX_RESP_Q045_B,999
TX_RESP_Q060_D,3837
TX_RESP_Q005_C,5839
TX_RESP_Q005_D,1171
TX_RESP_Q011_D,33
TX_RESP_Q012_B,9618
TX_RESP_Q012_C,997
TX_RESP_Q013_D,221
TX_RESP_Q013_E,66
TX_RESP_Q014_A,670
TX_RESP_Q014_C,5824
TX_RESP_Q014_E,191
TX_RESP_Q015_B,1705
TX_RESP_Q002_A,4906
TX_RESP_Q016_A,223
TX_RESP_Q019_A,2199
TX_RESP_Q019_F,2915
TX_RESP_Q019_G,3943
TX_RESP_Q023_A,3436
TX_RESP_Q023_G,7816
TX_RESP_Q004_H,1940
TP_DEPENDENCIA,743
TP_OCUPACAO_PREDIO_ESCOLAR,421
IN_AGUA_CACIMBA,12
IN_SALA_ATENDIMENTO_ESPECIAL,24
IN_BANHEIRO_PNE,163
IN_BANHEIRO_CHUVEIRO,49
IN_PATIO_COBERTO,55
IN_PATIO_DESCOBERTO,33
IN_EQUIP_PARABOLICA,197
IN_EQUIP_RETROPROJETOR,276
IN_EQUIP_FOTO,114
NU_EQUIP_DVD,814
NU_EQUIP_FOTO,197
IN_EJA,224
IN_COMUM_MEDIO_INTEGRADO,31
IN_COMUM_PROF,17
asQtdeDocentesEfetivos,48071
TX_RESP_Q022_B,12543
TX_RESP_Q022_C,1257
TX_RESP_Q026_C,12314
TX_RESP_Q032_C,6808
TX_RESP_Q046_B,21905
TX_RESP_Q055_B,9307
TX_RESP_Q057_B,23435
TX_RESP_Q058_B,6856
TX_RESP_Q039_A,10928
TX_RESP_Q053_B,1539
TX_RESP_Q053_C,10771
TX_RESP_Q060_A,4403
TX_RESP_Q007_D,130
TX_RESP_Q007_E,77
TX_RESP_Q009_D,43
TX_RESP_Q010_E,42
TX_RESP_Q012_D,171
TX_RESP_Q012_E,83
TX_RESP_Q015_E,4469
TX_RESP_Q017_E,69
TX_RESP_Q002_B,7820
TX_RESP_Q016_B,3487
TX_RESP_Q023_C,5083
CO_ORGAO_REGIONAL,5131
TP_REGULAMENTACAO,376
IN_LOCAL_FUNC_OUTROS,8
IN_AGUA_REDE_PUBLICA,354
IN_LIXO_QUEIMA,13
IN_LIXO_OUTROS,4
IN_QUADRA_ESPORTES_COBERTA,25
IN_BANHEIRO_EI,5
IN_LAVANDERIA,9
IN_EQUIP_COPIADORA,199
IN_FUNDAMENTAL_CICLOS,16
IN_MATERIAL_ESP_QUILOMBOLA,7
IN_MATERIAL_ESP_INDIGENA,1
IN_MATERIAL_ESP_NAO_UTILIZA,361
Valor Real Ideb,acima da médiaabaixo da médiamédiamédiaacima da médiaabaixo da médiaacima da médiaabaixo da médiaabaixo da médiaabaixo da médiaabaixo da médiaacima da médiaabaixo da médiaacima da médiaabaixo da médiaacima da médiaabaixo da médiamédiaabaixo da médiaabaixo da médiaabaixo da médiamédiaabaixo da médiaabaixo da médiaabaixo da médiaabaixo da médiaabaixo da médiaabaixo da médiaacima da médiaabaixo da médiaabaixo da médiaacima da médiaabaixo da médiaabaixo da médiaabaixo da médiaabaixo da médiaabaixo da médiaabaixo da médiaabaixo da médiaabaixo da médiaacima da médiaabaixo da médiaabaixo da médiaacima da médiaabaixo da médiaacima da médiamédiaacima da médiaabaixo da médiaacima da médiaabaixo da médiaabaixo da médiaacima da médiaabaixo da médiaabaixo da médiaabaixo da médiaacima da médiaacima da médiaacima da médiaabaixo da médiaacima da médiaabaixo da médiaabaixo da médiaabaixo da médiaabaixo da médiaacima da médiaabaixo da médiaacima da médiaabaixo da médiaacima da médiaabaixo da médiaabaixo da médiaabaixo da médiaabaixo da médiaabaixo da médiaabaixo da médiaacima da médiaabaixo da médiaabaixo da médiaacima da médiamédiaabaixo da médiaabaixo da médiaabaixo da médiaacima da médiaacima da médiaacima da médiaabaixo da médiaacima da médiaabaixo da médiaacima da médiaacima da médiaacima da médiaabaixo da médiaabaixo da médiaabaixo da médiaabaixo da médiaabaixo da médiaacima da médiaabaixo da médiaabaixo da médiaabaixo da médiaabaixo da médiaacima da médiaabaixo da médiaacima da médiaacima da médiamédiaabaixo da médiaabaixo da médiaabaixo da médiaacima da médiamédiaacima da médiaabaixo da médiaacima da médiaacima da médiaacima da médiaacima da médiaabaixo da médiaabaixo da médiaacima da médiaacima da médiaacima da médiaabaixo da médiaacima da médiaabaixo da médiaabaixo da médiaabaixo da médiaabaixo da médiaacima da médiaacima da médiaacima da médiaabaixo da médiaacima da médiaacima da médiaabaixo da médiamédiaacima da médiaacima da médiamédiaabaixo da médiaacima da médiamédiaabaixo da médiaabaixo da médiaabaixo da médiamédiaacima da médiaacima da médiamédiaacima da médiaabaixo da médiaacima da médiaabaixo da médiaabaixo da médiaabaixo da médiaacima da médiaabaixo da médiaabaixo da médiaabaixo da médiaabaixo da médiamédiaabaixo da médiaacima da médiaacima da médiamédiaabaixo da médiaabaixo da médiaabaixo da médiaabaixo da médiaacima da médiaabaixo da médiaacima da médiaabaixo da médiaacima da médiaabaixo da médiaacima da médiaabaixo da médiaabaixo da médiaacima da médiaabaixo da médiaabaixo da médiaacima da médiaacima da médiaacima da médiaabaixo da médiaabaixo da médiaabaixo da médiamédiaacima da médiaabaixo da médiamédiaacima da médiaacima da médiaabaixo da médiaacima da médiaabaixo da médiaacima da médiaacima da médiaabaixo da médiaacima da médiaabaixo da médiaabaixo da médiaacima da médiaacima da médiaabaixo da médiaabaixo da médiaabaixo da médiaabaixo da médiaabaixo da médiaacima da médiaabaixo da médiaacima da médiaacima da médiaabaixo da médiaabaixo da médiaabaixo da médiaabaixo da médiaabaixo da médiaabaixo da médiaacima da médiamédiaabaixo da médiaabaixo da médiaabaixo da médiaabaixo da médiaabaixo da médiaabaixo da médiaacima da médiaabaixo da médiaabaixo da médiaabaixo da médiaabaixo da médiaabaixo da médiaabaixo da médiaacima da médiaabaixo da médiaacima da médiaabaixo da médiamédiaacima da médiaacima da médiaacima da médiaacima da médiaabaixo da médiaacima da médiaabaixo da médiaabaixo da médiaabaixo da médiaabaixo da médiaabaixo da médiaabaixo da médiaabaixo da médiaabaixo da médiaabaixo da médiaabaixo da médiaabaixo da médiaabaixo da médiaabaixo da médiaabaixo da médiaabaixo da médiaabaixo da médiaacima da médiaacima da médiaacima da médiaabaixo da médiaacima da médiaabaixo da médiaabaixo da médiaacima da médiaacima da médiaacima da médiaacima da médiaacima da médiaacima da médiaacima da médiaabaixo da médiaabaixo da médiaabaixo da médiaacima da médiaacima da médiaacima da médiaacima da médiamédiaabaixo da médiaabaixo da médiaacima da médiaacima da médiaabaixo da médiaabaixo da médiamédiaabaixo da médiaacima da médiaacima da médiaabaixo da médiaacima da médiaabaixo da médiaabaixo da médiaabaixo da médiaabaixo da médiaabaixo da médiaacima da médiaabaixo da médiamédiaabaixo da médiaabaixo da médiaacima da médiaabaixo da médiaacima da médiaabaixo da médiaacima da médiaabaixo da médiaabaixo da médiaabaixo da médiaabaixo da médiaabaixo da médiaabaixo da médiaabaixo da médiaabaixo da médiaabaixo da médiaabaixo da médiaacima da médiaabaixo da médiaabaixo da médiaacima da médiaabaixo da médiamédiaacima da médiaabaixo da médiaabaixo da médiaabaixo da médiaabaixo da médiaacima da médiaabaixo da médiaabaixo da médiaabaixo da médiaacima da médiaabaixo da médiaabaixo da médiaacima da médiaabaixo da médiaacima da médiaabaixo da médiaacima da médiaabaixo da médiaabaixo da médiaabaixo da médiaacima da médiaacima da médiaacima da médiaabaixo da médiaabaixo da médiaabaixo da médiaabaixo da médiaacima da médiaabaixo da médiaacima da médiaacima da médiaacima da médiaabaixo da médiaacima da médiaacima da médiaabaixo da médiaacima da médiaabaixo da médiaacima da médiamédiaabaixo da média
Previsão Ideb,acima da médiaabaixo da médiamédiamédiaacima da médiaabaixo da médiaacima da médiaabaixo da médiaabaixo da médiaabaixo da médiaabaixo da médiaacima da médiaabaixo da médiaacima da médiaabaixo da médiaacima da médiaabaixo da médiamédiaabaixo da médiaabaixo da médiaabaixo da médiamédiaabaixo da médiaabaixo da médiaabaixo da médiaabaixo da médiaabaixo da médiaabaixo da médiaacima da médiaabaixo da médiaabaixo da médiaacima da médiaabaixo da médiaabaixo da médiaabaixo da médiaabaixo da médiaabaixo da médiaabaixo da médiaabaixo da médiaabaixo da médiaacima da médiaabaixo da médiaabaixo da médiaacima da médiaabaixo da médiaacima da médiamédiaacima da médiaabaixo da médiaacima da médiaabaixo da médiaabaixo da médiaacima da médiaabaixo da médiaabaixo da médiaabaixo da médiaacima da médiaacima da médiaacima da médiaabaixo da médiaacima da médiaabaixo da médiaabaixo da médiaabaixo da médiaabaixo da médiaacima da médiaabaixo da médiaacima da médiaabaixo da médiaacima da médiaabaixo da médiaabaixo da médiaabaixo da médiaabaixo da médiaabaixo da médiaabaixo da médiaacima da médiaabaixo da médiaabaixo da médiaacima da médiamédiaabaixo da médiaabaixo da médiaabaixo da médiaacima da médiaacima da médiaacima da médiaabaixo da médiaacima da médiaabaixo da médiaacima da médiaacima da médiaacima da médiaabaixo da médiaabaixo da médiaabaixo da médiaabaixo da médiaabaixo da médiaacima da médiaabaixo da médiaabaixo da médiaabaixo da médiaabaixo da médiaacima da médiaabaixo da médiaacima da médiaacima da médiamédiaabaixo da médiaabaixo da médiaabaixo da médiaacima da médiamédiaacima da médiaabaixo da médiaacima da médiaacima da médiaacima da médiaacima da médiaabaixo da médiaabaixo da médiaacima da médiaacima da médiaacima da médiaabaixo da médiaacima da médiaabaixo da médiaabaixo da médiaabaixo da médiaabaixo da médiaacima da médiaacima da médiaacima da médiaabaixo da médiaacima da médiaacima da médiaabaixo da médiamédiaacima da médiaacima da médiamédiaabaixo da médiaacima da médiamédiaabaixo da médiaabaixo da médiaabaixo da médiamédiaacima da médiaacima da médiamédiaacima da médiaabaixo da médiaacima da médiaabaixo da médiaabaixo da médiaabaixo da médiaacima da médiaabaixo da médiaabaixo da médiaabaixo da médiaabaixo da médiamédiaabaixo da médiaacima da médiaacima da médiamédiaabaixo da médiaabaixo da médiaabaixo da médiaabaixo da médiaacima da médiaabaixo da médiaacima da médiaabaixo da médiaacima da médiaabaixo da médiaacima da médiaabaixo da médiaabaixo da médiaacima da médiaabaixo da médiaabaixo da médiaacima da médiaacima da médiaacima da médiaabaixo da médiaabaixo da médiaabaixo da médiamédiaacima da médiaabaixo da médiamédiaacima da médiaacima da médiaabaixo da médiaacima da médiaabaixo da médiaacima da médiaacima da médiaabaixo da médiaacima da médiaabaixo da médiaabaixo da médiaacima da médiaacima da médiaabaixo da médiaabaixo da médiaabaixo da médiaabaixo da médiaabaixo da médiaacima da médiaabaixo da médiaacima da médiaacima da médiaabaixo da médiaabaixo da médiaabaixo da médiaabaixo da médiaabaixo da médiaabaixo da médiaacima da médiamédiaabaixo da médiaabaixo da médiaabaixo da médiaabaixo da médiaabaixo da médiaabaixo da médiaacima da médiaabaixo da médiaabaixo da médiaabaixo da médiaabaixo da médiaabaixo da médiaabaixo da médiaacima da médiaabaixo da médiaacima da médiaabaixo da médiamédiaacima da médiaacima da médiaacima da médiaacima da médiaabaixo da médiaacima da médiaabaixo da médiaabaixo da médiaabaixo da médiaabaixo da médiaabaixo da médiaabaixo da médiaabaixo da médiaabaixo da médiaabaixo da médiaabaixo da médiaabaixo da médiaabaixo da médiaabaixo da médiaabaixo da médiaabaixo da médiaabaixo da médiaacima da médiaacima da médiaacima da médiaabaixo da médiaacima da médiaabaixo da médiaabaixo da médiaacima da médiaacima da médiaacima da médiaacima da médiaacima da médiaacima da médiaacima da médiaabaixo da médiaabaixo da médiaabaixo da médiaacima da médiaacima da médiaacima da médiaacima da médiamédiaabaixo da médiaabaixo da médiaacima da médiaacima da médiaabaixo da médiaabaixo da médiamédiaabaixo da médiaacima da médiaacima da médiaabaixo da médiaacima da médiaabaixo da médiaabaixo da médiaabaixo da médiaabaixo da médiaabaixo da médiaacima da médiaabaixo da médiamédiaabaixo da médiaabaixo da médiaacima da médiaabaixo da médiaacima da médiaabaixo da médiaacima da médiaabaixo da médiaabaixo da médiaabaixo da médiaabaixo da médiaabaixo da médiaabaixo da médiaabaixo da médiaabaixo da médiaabaixo da médiaabaixo da médiaacima da médiaabaixo da médiaabaixo da médiaacima da médiaabaixo da médiamédiaacima da médiaabaixo da médiaabaixo da médiaabaixo da médiaabaixo da médiaacima da médiaabaixo da médiaabaixo da médiaabaixo da médiaacima da médiaabaixo da médiaabaixo da médiaacima da médiaabaixo da médiaacima da médiaabaixo da médiaacima da médiaabaixo da médiaabaixo da médiaabaixo da médiaacima da médiaacima da médiaacima da médiaabaixo da médiaabaixo da médiaabaixo da médiaabaixo da médiaacima da médiaabaixo da médiaacima da médiaacima da médiaacima da médiaabaixo da médiaacima da médiaacima da médiaabaixo da médiaacima da médiaabaixo da médiaacima da médiamédiaabaixo da média
