,0
ID_UF,15671
ID_DEPENDENCIA_ADM,1102
TX_RESP_Q020_B,7303
TX_RESP_Q043_A,12558
TX_RESP_Q018_B,6880
TX_RESP_Q026_C,14981
TX_RESP_Q041_C,11278
TX_RESP_Q042_C,2870
TX_RESP_Q055_A,28780
TX_RESP_Q055_B,12511
TX_RESP_Q058_B,10089
TX_RESP_Q039_C,2982
TX_RESP_Q045_B,5879
TX_RESP_Q051_C,4251
TX_RESP_Q060_D,5198
TX_RESP_Q005_A,2507
TX_RESP_Q012_A,34591
TX_RESP_Q013_A,30927
TX_RESP_Q013_C,1769
TX_RESP_Q013_D,297
TX_RESP_Q013_E,89
TX_RESP_Q014_C,8634
TX_RESP_Q014_E,243
TX_RESP_Q015_B,2443
TX_RESP_Q015_E,5448
TX_RESP_Q017_C,577
TX_RESP_Q017_E,93
TX_RESP_Q036_A,10835
TX_RESP_Q002_B,9720
TX_RESP_Q016_A,317
TX_RESP_Q019_F,3951
TX_RESP_Q019_G,5715
TX_RESP_Q023_G,11141
TX_RESP_Q004_F,3808
TX_RESP_Q004_G,1731
TX_RESP_Q004_H,2824
CO_ORGAO_REGIONAL,6077
CO_UF,15671
TP_DEPENDENCIA,1102
TP_OCUPACAO_PREDIO_ESCOLAR,614
IN_SALA_ATENDIMENTO_ESPECIAL,62
IN_LAVANDERIA,20
NU_EQUIP_DVD,1110
NU_EQUIP_IMPRESSORA_MULT,362
NU_EQUIP_SOM,1151
NU_EQUIP_FOTO,436
IN_COMUM_FUND_AF,203
IN_COMUM_MEDIO_MEDIO,526
IN_COMUM_PROF,23
TX_RESP_Q029_B,6539
TX_RESP_Q022_B,17765
TX_RESP_Q026_A,22773
TX_RESP_Q042_B,2275
TX_RESP_Q046_B,31612
TX_RESP_Q049_A,20877
TX_RESP_Q056_A,23594
TX_RESP_Q057_B,34003
TX_RESP_Q051_B,2533
TX_RESP_Q060_A,6473
TX_RESP_Q007_D,186
TX_RESP_Q008_C,2082
TX_RESP_Q011_D,41
TX_RESP_Q012_B,12680
TX_RESP_Q012_C,1203
TX_RESP_Q036_E,6882
TX_RESP_Q037_B,9514
TX_RESP_Q037_E,6354
TX_RESP_Q002_A,7165
TX_RESP_Q019_D,4937
TX_RESP_Q023_C,7279
TX_RESP_Q004_C,15303
TX_RESP_Q003_A,4006
TX_RESP_Q003_G,3905
IN_LOCAL_FUNC_GALPAO,2
IN_LOCAL_FUNC_OUTROS,13
IN_AGUA_REDE_PUBLICA,526
IN_AGUA_INEXISTENTE,2
IN_LIXO_OUTROS,5
IN_BANHEIRO_EI,6
NU_EQUIP_VIDEOCASSETE,295
TP_AEE,38
IN_COMUM_PRE,6
QtdeDocentesTerceir,134
QtdeAlunosTotal,329414
Valor Real Ideb,acima da médiaacima da médiaacima da médiaacima da médiaacima da médiaabaixo da médiaacima da médiaabaixo da médiaacima da médiaacima da médiaacima da médiaabaixo da médiaacima da médiaacima da médiaacima da médiaacima da médiaabaixo da médiamédiaacima da médiaacima da médiaacima da médiaacima da médiaacima da médiaacima da médiaacima da médiaacima da médiaacima da médiaacima da médiaacima da médiaacima da médiaacima da médiaabaixo da médiaacima da médiaacima da médiaacima da médiaacima da médiaacima da médiaabaixo da médiaacima da médiaacima da médiaabaixo da médiaacima da médiaabaixo da médiaabaixo da médiaacima da médiaacima da médiaabaixo da médiaabaixo da médiamédiaacima da médiaacima da médiaabaixo da médiaacima da médiaacima da médiaacima da médiaacima da médiaacima da médiaacima da médiaacima da médiaabaixo da médiaacima da médiaabaixo da médiaabaixo da médiaacima da médiaacima da médiaabaixo da médiaabaixo da médiaacima da médiaacima da médiaacima da médiaabaixo da médiaabaixo da médiamédiaacima da médiaacima da médiamédiaacima da médiaacima da médiaabaixo da médiaacima da médiaacima da médiaacima da médiaabaixo da médiaacima da médiaabaixo da médiaacima da médiaabaixo da médiaacima da médiaacima da médiaacima da médiaacima da médiaacima da médiaabaixo da médiaacima da médiaacima da médiaacima da médiaacima da médiaacima da médiamédiaabaixo da médiaacima da médiaabaixo da médiaacima da médiaacima da médiaabaixo da médiamédiaacima da médiamédiaacima da médiaabaixo da médiaabaixo da médiaabaixo da médiaacima da médiaacima da médiaacima da médiaacima da médiaabaixo da médiaacima da médiaabaixo da médiaacima da médiaacima da médiaacima da médiaabaixo da médiaacima da médiaacima da médiaabaixo da médiaacima da médiaacima da médiaacima da médiaacima da médiaacima da médiaacima da médiamédiaabaixo da médiaabaixo da médiaabaixo da médiaacima da médiaabaixo da médiamédiaabaixo da médiaabaixo da médiaacima da médiaabaixo da médiaabaixo da médiaacima da médiaabaixo da médiaacima da médiaacima da médiaacima da médiamédiaacima da médiaabaixo da médiaacima da médiaacima da médiaabaixo da médiaacima da médiaabaixo da médiaacima da médiaacima da médiamédiaabaixo da médiaabaixo da médiaabaixo da médiamédiaabaixo da médiaacima da médiaabaixo da médiaabaixo da médiaacima da médiaacima da médiaabaixo da médiaacima da médiaacima da médiaacima da médiaabaixo da médiaabaixo da médiaabaixo da médiaabaixo da médiaacima da médiamédiaabaixo da médiaabaixo da médiaabaixo da médiaabaixo da médiaabaixo da médiamédiaabaixo da médiaabaixo da médiaabaixo da médiaabaixo da médiaabaixo da médiaabaixo da médiaacima da médiaabaixo da médiaabaixo da médiaabaixo da médiaacima da médiaabaixo da médiaabaixo da médiaabaixo da médiaabaixo da médiaabaixo da médiaacima da médiaabaixo da médiaabaixo da médiaabaixo da médiaabaixo da médiaabaixo da médiaabaixo da médiaabaixo da médiaabaixo da médiaabaixo da médiaabaixo da médiaabaixo da médiaacima da médiaabaixo da médiaabaixo da médiaabaixo da médiaabaixo da médiaabaixo da médiaabaixo da médiaabaixo da médiaabaixo da médiaabaixo da médiaabaixo da médiaabaixo da médiaabaixo da médiaabaixo da médiaabaixo da médiaabaixo da médiaabaixo da médiamédiaacima da médiaabaixo da médiaabaixo da médiamédiaabaixo da médiaabaixo da médiamédiaabaixo da médiaabaixo da médiaabaixo da médiaacima da médiaacima da médiaabaixo da médiaabaixo da médiaabaixo da médiaabaixo da médiaabaixo da médiaacima da médiaabaixo da médiaacima da médiaacima da médiamédiaabaixo da médiamédiaabaixo da médiaabaixo da médiamédiaabaixo da médiaabaixo da médiaabaixo da médiaabaixo da médiaabaixo da médiaabaixo da médiaabaixo da médiaacima da médiaabaixo da médiaabaixo da médiaabaixo da médiaabaixo da médiaabaixo da médiaabaixo da médiaabaixo da médiaacima da médiaacima da médiaacima da médiaabaixo da médiaabaixo da médiaacima da médiaabaixo da médiaabaixo da médiaabaixo da médiaacima da médiaacima da médiaacima da médiaacima da médiaacima da médiaacima da médiaacima da médiaabaixo da médiamédiaabaixo da médiaacima da médiaacima da médiaabaixo da médiaabaixo da médiaabaixo da médiaacima da médiaacima da médiaabaixo da médiaabaixo da médiaabaixo da médiaabaixo da médiaabaixo da médiaabaixo da médiaabaixo da médiaabaixo da médiaabaixo da médiaabaixo da médiaacima da médiaacima da médiaabaixo da médiaabaixo da médiaabaixo da médiaacima da médiaabaixo da médiaabaixo da médiaacima da médiaacima da médiaacima da médiaacima da médiaabaixo da médiaacima da médiaabaixo da médiaabaixo da médiaacima da médiaabaixo da médiaabaixo da médiaabaixo da médiaabaixo da médiamédiaabaixo da médiaacima da médiamédiaacima da médiaacima da médiaacima da médiaacima da médiaacima da médiaabaixo da médiamédiaabaixo da médiaabaixo da médiaacima da médiaacima da médiaabaixo da médiaacima da médiaacima da médiaacima da médiaabaixo da médiaacima da médiaabaixo da médiaabaixo da médiaabaixo da médiaabaixo da médiaabaixo da médiaabaixo da médiaabaixo da médiaabaixo da médiaacima da médiaacima da médiaacima da médiaacima da médiaacima da médiaabaixo da médiaabaixo da médiaabaixo da médiaabaixo da médiaabaixo da médiaabaixo da médiaacima da médiaacima da médiaacima da médiaacima da médiaacima da médiaacima da médiaacima da médiaacima da médiaabaixo da médiaabaixo da médiamédiaacima da médiaabaixo da médiamédiaacima da médiamédiaabaixo da médiaacima da médiaacima da médiaabaixo da médiaabaixo da médiaabaixo da médiaabaixo da médiaacima da médiaabaixo da médiaabaixo da médiaabaixo da médiaabaixo da médiaacima da médiaabaixo da médiaabaixo da médiaabaixo da médiaabaixo da médiaabaixo da médiaabaixo da médiaacima da médiaabaixo da médiaabaixo da médiaabaixo da médiaacima da médiaacima da médiaabaixo da médiaabaixo da médiaacima da médiaabaixo da médiaacima da médiaabaixo da médiaabaixo da médiaabaixo da médiaabaixo da médiaabaixo da médiaabaixo da médiaabaixo da médiaabaixo da médiaabaixo da médiaabaixo da médiaabaixo da médiaabaixo da médiaacima da médiaabaixo da médiaabaixo da médiaacima da médiaacima da médiaabaixo da médiaabaixo da médiaacima da médiaabaixo da médiamédiaabaixo da médiaacima da médiaabaixo da médiaacima da médiaacima da médiaacima da médiaabaixo da médiaabaixo da médiaacima da médiaabaixo da médiaacima da médiaabaixo da médiamédiaabaixo da médiaacima da médiaacima da médiaacima da médiamédiaacima da médiaabaixo da médiaacima da médiaabaixo da médiaabaixo da médiaabaixo da médiaacima da médiaacima da médiaabaixo da médiaabaixo da médiaabaixo da médiaabaixo da médiaabaixo da médiaabaixo da médiaabaixo da médiaabaixo da médiaabaixo da médiaabaixo da médiaabaixo da médiaabaixo da médiaacima da médiaacima da médiaabaixo da médiaabaixo da médiaacima da médiamédiamédiaabaixo da médiaacima da médiaabaixo da médiaacima da médiaabaixo da médiaabaixo da médiaabaixo da médiaabaixo da médiaabaixo da médiaabaixo da médiaabaixo da médiaabaixo da médiaabaixo da médiaabaixo da médiaacima da médiaacima da médiaabaixo da médiaacima da médiaacima da médiaabaixo da médiaabaixo da médiaacima da médiaabaixo da médiaabaixo da médiaabaixo da médiaabaixo da médiaabaixo da médiaabaixo da médiaabaixo da médiaabaixo da médiaabaixo da médiaabaixo da médiaabaixo da médiaacima da médiaabaixo da médiamédiaabaixo da médiaacima da médiaabaixo da médiamédiaabaixo da médiaabaixo da médiaabaixo da médiaabaixo da médiaabaixo da médiaabaixo da médiaabaixo da médiaabaixo da médiaabaixo da médiaabaixo da médiaabaixo da médiaacima da médiaabaixo da médiaabaixo da médiaabaixo da médiamédiaabaixo da médiaacima da médiaabaixo da médiaacima da médiaabaixo da médiaabaixo da médiaabaixo da médiaabaixo da médiaacima da médiaabaixo da média
Previsão Ideb,acima da médiaacima da médiaacima da médiaacima da médiaacima da médiaabaixo da médiaacima da médiaabaixo da médiaacima da médiaacima da médiaacima da médiaabaixo da médiaacima da médiaacima da médiaacima da médiaacima da médiaabaixo da médiamédiaacima da médiaacima da médiaacima da médiaacima da médiaacima da médiaacima da médiaacima da médiaacima da médiaacima da médiaacima da médiaacima da médiaacima da médiaacima da médiaabaixo da médiaacima da médiaacima da médiaacima da médiaacima da médiaacima da médiaabaixo da médiaacima da médiaacima da médiaabaixo da médiaacima da médiaabaixo da médiaabaixo da médiaacima da médiaacima da médiaabaixo da médiaabaixo da médiamédiaacima da médiaacima da médiaabaixo da médiaacima da médiaacima da médiaacima da médiaacima da médiaacima da médiaacima da médiaacima da médiaabaixo da médiaacima da médiaabaixo da médiaabaixo da médiaacima da médiaacima da médiaabaixo da médiaabaixo da médiaacima da médiaacima da médiaacima da médiaabaixo da médiaabaixo da médiamédiaacima da médiaacima da médiamédiaacima da médiaacima da médiaabaixo da médiaacima da médiaacima da médiaacima da médiaabaixo da médiaacima da médiaabaixo da médiaacima da médiaabaixo da médiaacima da médiaacima da médiaacima da médiaacima da médiaacima da médiaabaixo da médiaacima da médiaacima da médiaacima da médiaacima da médiaacima da médiamédiaabaixo da médiaacima da médiaabaixo da médiaacima da médiaacima da médiaabaixo da médiamédiaacima da médiamédiaacima da médiaabaixo da médiaabaixo da médiaabaixo da médiaacima da médiaacima da médiaacima da médiaacima da médiaabaixo da médiaacima da médiaabaixo da médiaacima da médiaacima da médiaacima da médiaabaixo da médiaacima da médiaacima da médiaabaixo da médiaacima da médiaacima da médiaacima da médiaacima da médiaacima da médiaacima da médiamédiaabaixo da médiaabaixo da médiaabaixo da médiaacima da médiaabaixo da médiamédiaabaixo da médiaabaixo da médiaacima da médiaabaixo da médiaabaixo da médiaacima da médiaabaixo da médiaacima da médiaacima da médiaacima da médiamédiaacima da médiaabaixo da médiaacima da médiaacima da médiaabaixo da médiaacima da médiaabaixo da médiaacima da médiaacima da médiamédiaabaixo da médiaabaixo da médiaabaixo da médiamédiaabaixo da médiaacima da médiaabaixo da médiaabaixo da médiaacima da médiaacima da médiaabaixo da médiaacima da médiaacima da médiaacima da médiaabaixo da médiaabaixo da médiaabaixo da médiaabaixo da médiaacima da médiamédiaabaixo da médiaabaixo da médiaabaixo da médiaabaixo da médiaabaixo da médiamédiaabaixo da médiaabaixo da médiaabaixo da médiaabaixo da médiaabaixo da médiaabaixo da médiaacima da médiaabaixo da médiaabaixo da médiaabaixo da médiaacima da médiaabaixo da médiaabaixo da médiaabaixo da médiaabaixo da médiaabaixo da médiaacima da médiaabaixo da médiaabaixo da médiaabaixo da médiaabaixo da médiaabaixo da médiaabaixo da médiaabaixo da médiaabaixo da médiaabaixo da médiaabaixo da médiaabaixo da médiaacima da médiaabaixo da médiaabaixo da médiaabaixo da médiaabaixo da médiaabaixo da médiaabaixo da médiaabaixo da médiaabaixo da médiaabaixo da médiaabaixo da médiaabaixo da médiaabaixo da médiaabaixo da médiaabaixo da médiaabaixo da médiaabaixo da médiamédiaacima da médiaabaixo da médiaabaixo da médiamédiaabaixo da médiaabaixo da médiamédiaabaixo da médiaabaixo da médiaabaixo da médiaacima da médiaacima da médiaabaixo da médiaabaixo da médiaabaixo da médiaabaixo da médiaabaixo da médiaacima da médiaabaixo da médiaacima da médiaacima da médiamédiaabaixo da médiamédiaabaixo da médiaabaixo da médiamédiaabaixo da médiaabaixo da médiaabaixo da médiaabaixo da médiaabaixo da médiaabaixo da médiaabaixo da médiaacima da médiaabaixo da médiaabaixo da médiaabaixo da médiaabaixo da médiaabaixo da médiaabaixo da médiaabaixo da médiaacima da médiaacima da médiaacima da médiaabaixo da médiaabaixo da médiaacima da médiaabaixo da médiaabaixo da médiaabaixo da médiaacima da médiaacima da médiaacima da médiaacima da médiaacima da médiaacima da médiaacima da médiaabaixo da médiamédiaabaixo da médiaacima da médiaacima da médiaabaixo da médiaabaixo da médiaabaixo da médiaacima da médiaacima da médiaabaixo da médiaabaixo da médiaabaixo da médiaabaixo da médiaabaixo da médiaabaixo da médiaabaixo da médiaabaixo da médiaabaixo da médiaabaixo da médiaacima da médiaacima da médiaabaixo da médiaabaixo da médiaabaixo da médiaacima da médiaabaixo da médiaabaixo da médiaacima da médiaacima da médiaacima da médiaacima da médiaabaixo da médiaacima da médiaabaixo da médiaabaixo da médiaacima da médiaabaixo da médiaabaixo da médiaabaixo da médiaabaixo da médiamédiaabaixo da médiaacima da médiamédiaacima da médiaacima da médiaacima da médiaacima da médiaacima da médiaabaixo da médiamédiaabaixo da médiaabaixo da médiaacima da médiaacima da médiaabaixo da médiaacima da médiaacima da médiaacima da médiaabaixo da médiaacima da médiaabaixo da médiaabaixo da médiaabaixo da médiaabaixo da médiaabaixo da médiaabaixo da médiaabaixo da médiaabaixo da médiaacima da médiaacima da médiaacima da médiaacima da médiaacima da médiaabaixo da médiaabaixo da médiaabaixo da médiaabaixo da médiaabaixo da médiaabaixo da médiaacima da médiaacima da médiaacima da médiaacima da médiaacima da médiaacima da médiaacima da médiaacima da médiaabaixo da médiaabaixo da médiamédiaacima da médiaabaixo da médiamédiaacima da médiamédiaabaixo da médiaacima da médiaacima da médiaabaixo da médiaabaixo da médiaabaixo da médiaabaixo da médiaacima da médiaabaixo da médiaabaixo da médiaabaixo da médiaabaixo da médiaacima da médiaabaixo da médiaabaixo da médiaabaixo da médiaabaixo da médiaabaixo da médiaabaixo da médiaacima da médiaabaixo da médiaabaixo da médiaabaixo da médiaacima da médiaacima da médiaabaixo da médiaabaixo da médiaacima da médiaabaixo da médiaacima da médiaabaixo da médiaabaixo da médiaabaixo da médiaabaixo da médiaabaixo da médiaabaixo da médiaabaixo da médiaabaixo da médiaabaixo da médiaabaixo da médiaabaixo da médiaabaixo da médiaacima da médiaabaixo da médiaabaixo da médiaacima da médiaacima da médiaabaixo da médiaabaixo da médiaacima da médiaabaixo da médiamédiaabaixo da médiaacima da médiaabaixo da médiaacima da médiaacima da médiaacima da médiaabaixo da médiaabaixo da médiaacima da médiaabaixo da médiaacima da médiaabaixo da médiamédiaabaixo da médiaacima da médiaacima da médiaacima da médiamédiaacima da médiaabaixo da médiaacima da médiaabaixo da médiaabaixo da médiaabaixo da médiaacima da médiaacima da médiaabaixo da médiaabaixo da médiaabaixo da médiaabaixo da médiaabaixo da médiaabaixo da médiaabaixo da médiaabaixo da médiaabaixo da médiaabaixo da médiaabaixo da médiaabaixo da médiaacima da médiaacima da médiaabaixo da médiaabaixo da médiaacima da médiamédiamédiaabaixo da médiaacima da médiaabaixo da médiaacima da médiaabaixo da médiaabaixo da médiaabaixo da médiaabaixo da médiaabaixo da médiaabaixo da médiaabaixo da médiaabaixo da médiaabaixo da médiaabaixo da médiaacima da médiaacima da médiaabaixo da médiaacima da médiaacima da médiaabaixo da médiaabaixo da médiaacima da médiaabaixo da médiaabaixo da médiaabaixo da médiaabaixo da médiaabaixo da médiaabaixo da médiaabaixo da médiaabaixo da médiaabaixo da médiaabaixo da médiaabaixo da médiaacima da médiaabaixo da médiamédiaabaixo da médiaacima da médiaabaixo da médiamédiaabaixo da médiaabaixo da médiaabaixo da médiaabaixo da médiaabaixo da médiaabaixo da médiaabaixo da médiaabaixo da médiaabaixo da médiaabaixo da médiaabaixo da médiaacima da médiaabaixo da médiaabaixo da médiaabaixo da médiamédiaabaixo da médiaacima da médiaabaixo da médiaacima da médiaabaixo da médiaabaixo da médiaabaixo da médiaabaixo da médiaacima da médiaabaixo da média
