,Sergipe,Alagoas,Bahia
TX_RESP_Q017_C,44,148,0
IN_COMUM_EJA_FUND,13,19,0
TX_RESP_Q003_A,0,952,0
TX_RESP_Q007_D,0,49,130
TX_RESP_Q023_A,0,0,3436
IN_ALMOXARIFADO,63,0,0
IN_QUADRA_ESPORTES_DESCOBERTA,8,17,0
TX_RESP_Q042_C,158,327,2411
TX_RESP_Q041_B,0,0,3742
ID_MUNICIPIO,204668286,0,0
IN_EQUIP_FOTO,0,82,114
TX_RESP_Q015_A,22,0,0
NU_EQUIP_IMPRESSORA,0,226,0
TX_RESP_Q013_C,130,331,0
NU_EQUIP_DVD,112,0,814
IN_LOCAL_FUNC_SALAS_OUTRA_ESC,2,0,0
IN_SALA_DIRETORIA,66,0,0
TX_RESP_Q059_D,0,213,0
IN_MATERIAL_ESP_INDIGENA,0,0,1
IN_DEPENDENCIAS_PNE,53,0,0
TX_RESP_Q008_C,0,554,0
TX_RESP_Q005_D,0,0,1171
TX_RESP_Q012_E,2,0,83
TX_RESP_Q053_B,1644,0,1539
TX_RESP_Q003_I,418,0,0
TX_RESP_Q019_G,0,1317,3943
TX_RESP_Q039_D,55,0,0
TP_AEE,0,5,0
TX_RESP_Q016_A,44,0,223
TX_RESP_Q006_D,0,78,0
TX_RESP_Q030_B,0,287,0
TX_RESP_Q053_C,0,593,10771
TX_RESP_Q004_G,239,0,0
IN_FINAL_SEMANA,31,20,0
TX_RESP_Q017_E,0,21,69
IN_BANHEIRO_DENTRO_PREDIO,0,107,0
TX_RESP_Q055_A,0,0,18994
NU_FUNCIONARIOS,3566,0,0
TX_RESP_Q022_B,0,0,12543
NU_EQUIP_MULTIMIDIA,169,0,0
TX_RESP_Q023_C,0,0,5083
IN_EQUIP_COPIADORA,52,75,199
TX_RESP_Q060_D,0,0,3837
TX_RESP_Q003_C,0,966,0
TP_ATIVIDADE_COMPLEMENTAR,0,21,0
TX_RESP_Q013_E,0,0,66
IN_COMUM_MEDIO_INTEGRADO,0,0,31
TX_RESP_Q039_A,0,0,10928
TX_RESP_Q033_A,497,0,0
TX_RESP_Q006_E,9,38,0
IN_COMUM_PROF,0,0,17
IN_EQUIP_IMPRESSORA,60,0,0
TX_RESP_Q003_E,0,1070,0
TX_RESP_Q023_F,147,0,0
IN_PATIO_COBERTO,65,0,55
IN_COMUM_FUND_AF,54,38,0
TX_RESP_Q028_B,517,0,0
TX_RESP_Q007_E,0,0,77
NU_COMP_ALUNO,962,0,0
TX_RESP_Q022_C,0,0,1257
TX_RESP_Q019_F,343,0,2915
TX_RESP_Q014_D,115,0,0
IN_QUADRA_ESPORTES_COBERTA,32,0,25
TX_RESP_Q051_C,0,172,0
TX_RESP_Q009_E,3,0,0
TP_OCUPACAO_PREDIO_ESCOLAR,75,0,421
IN_ESGOTO_FOSSA,48,0,0
IN_ALOJAM_PROFESSOR,3,0,0
TX_RESP_Q002_F,0,360,0
IN_QUADRA_ESPORTES,40,0,0
CO_DISTRITO,20466828975,0,0
TX_RESP_Q017_D,0,30,0
IN_PATIO_DESCOBERTO,37,54,33
IN_AGUA_CACIMBA,0,22,12
TX_RESP_Q026_C,0,1744,12314
IN_EQUIP_VIDEOCASSETE,16,14,0
TX_RESP_Q002_A,0,0,4906
TX_RESP_Q041_C,0,1253,0
asQtdeDocentesEfetivos,0,0,48071
IN_PREDIO_COMPARTILHADO,0,4,0
TX_RESP_Q043_A,755,0,9504
CO_ORGAO_REGIONAL,250,667,5131
TX_RESP_Q005_E,29,111,0
IN_EQUIP_FAX,24,10,0
TP_DEPENDENCIA,0,0,743
TX_RESP_Q018_B,0,0,4919
TX_RESP_Q003_H,0,877,0
TX_RESP_Q007_A,0,3931,0
TX_RESP_Q005_C,0,0,5839
NU_EQUIP_FOTO,0,107,197
NU_EQUIP_FAX,24,0,0
TX_RESP_Q046_C,0,462,0
TP_REGULAMENTACAO,71,152,376
IN_COMUM_EJA_MEDIO,0,71,0
IN_LIXO_QUEIMA,0,6,13
TX_RESP_Q045_B,0,0,999
TX_RESP_Q012_D,0,34,171
TX_RESP_Q057_B,0,0,23435
TX_RESP_Q046_A,0,2074,0
TX_RESP_Q003_G,0,936,0
TX_RESP_Q016_F,0,2199,0
TX_RESP_Q060_A,0,0,4403
IN_EJA,26,0,224
TX_RESP_Q037_E,0,1815,0
IN_LAVANDERIA,4,0,9
IN_EQUIP_TV,71,0,0
TX_RESP_Q012_C,0,0,997
TX_RESP_Q011_E,0,5,0
TX_RESP_Q012_B,1064,0,9618
ID_DEPENDENCIA_ADM,0,0,743
TX_RESP_Q003_D,467,0,0
TX_RESP_Q006_C,0,566,0
CO_MESORREGIAO,204574,0,0
TX_RESP_Q058_B,0,0,6856
TX_RESP_Q007_C,126,461,0
IN_AUDITORIO,14,30,0
IN_BANHEIRO_EI,0,0,5
TX_RESP_Q039_C,0,0,496
IN_EQUIP_IMPRESSORA_MULT,63,26,0
NU_EQUIP_TV,188,0,0
IN_EQUIP_MULTIMIDIA,0,106,0
IN_EQUIP_SOM,67,95,0
IN_SALA_LEITURA,25,0,0
IN_LOCAL_FUNC_OUTROS,0,0,8
IN_ESGOTO_REDE_PUBLICA,39,30,0
IN_AGUA_FILTRADA,0,98,0
TX_RESP_Q011_D,0,0,33
TX_RESP_Q040_C,0,608,389
TX_RESP_Q042_B,0,1042,925
TX_RESP_Q009_D,0,0,43
TX_RESP_Q015_E,0,0,4469
IN_LABORATORIO_INFORMATICA,65,0,0
NU_EQUIP_IMPRESSORA_MULT,111,0,0
TX_RESP_Q004_H,345,582,1940
TX_RESP_Q037_C,637,0,0
CO_MUNICIPIO,204668286,0,0
TX_RESP_Q016_B,0,0,3487
NU_SALAS_EXISTENTES,0,1125,0
TX_RESP_Q040_B,48,117,0
IN_MATERIAL_ESP_NAO_UTILIZA,0,0,361
IN_EQUIP_PARABOLICA,0,55,197
IN_BIBLIOTECA_SALA_LEITURA,58,88,0
TX_RESP_Q036_C,0,1722,0
IN_SALA_ATENDIMENTO_ESPECIAL,0,15,24
TX_RESP_Q050_B,491,0,0
TX_RESP_Q017_B,314,699,0
IN_PROFISSIONALIZANTE,4,0,0
TX_RESP_Q002_E,73,0,0
TX_RESP_Q014_A,0,160,670
TX_RESP_Q013_D,0,0,221
TX_RESP_Q015_B,253,0,1705
TX_RESP_Q023_G,0,0,7816
ID_AREA,132,0,0
CO_MICRORREGIAO,0,2943784,0
IN_EQUIP_RETROPROJETOR,0,0,276
TX_RESP_Q020_B,0,0,4186
TX_RESP_Q009_C,39,0,0
IN_AGUA_REDE_PUBLICA,0,0,354
TX_RESP_Q004_B,199,749,0
IN_MATERIAL_ESP_QUILOMBOLA,0,0,7
TX_RESP_Q051_D,76,0,0
IN_BANHEIRO_PNE,0,79,163
TX_RESP_Q036_A,1039,0,0
TX_RESP_Q024_B,0,0,7163
TX_RESP_Q014_E,0,0,191
QtdeDocentesFCEM,0,1118,0
IN_COMUM_FUND_AI,0,2,0
IN_COMUM_EJA_PROF,3,0,0
TX_RESP_Q055_B,0,0,9307
TX_RESP_Q008_E,0,11,0
TX_RESP_Q008_A,0,246,0
IN_LIXO_OUTROS,0,0,4
TX_RESP_Q036_E,225,842,0
IN_SALA_PROFESSOR,66,0,0
IN_BANHEIRO_CHUVEIRO,43,0,49
TX_RESP_Q035_C,0,502,0
IN_COMUM_MEDIO_NORMAL,0,5,0
TX_RESP_Q010_E,3,0,42
NU_EQUIP_PARABOLICA,31,0,0
TX_RESP_Q059_C,0,186,0
TX_RESP_Q010_C,17,84,0
TX_RESP_Q005_A,210,0,0
IN_FUNDAMENTAL_CICLOS,11,0,16
TX_RESP_Q054_B,0,529,0
TX_RESP_Q046_B,0,0,21905
TX_RESP_Q008_D,0,26,0
TX_RESP_Q002_B,784,0,7820
TX_RESP_Q057_C,0,318,0
TX_RESP_Q014_C,1025,0,5824
TX_RESP_Q019_A,0,0,2199
IN_BANHEIRO_FORA_PREDIO,0,3,0
IN_BIBLIOTECA,46,0,0
TX_RESP_Q032_C,0,0,6808
