,0
TX_RESP_Q030_B,287
TX_RESP_Q026_C,1744
TX_RESP_Q035_C,502
TX_RESP_Q041_C,1253
TX_RESP_Q042_B,1042
TX_RESP_Q042_C,327
TX_RESP_Q046_A,2074
TX_RESP_Q054_B,529
TX_RESP_Q051_C,172
TX_RESP_Q053_C,593
TX_RESP_Q059_C,186
TX_RESP_Q005_E,111
TX_RESP_Q006_D,78
TX_RESP_Q006_E,38
TX_RESP_Q007_A,3931
TX_RESP_Q008_A,246
TX_RESP_Q008_C,554
TX_RESP_Q010_C,84
TX_RESP_Q013_C,331
TX_RESP_Q017_B,699
TX_RESP_Q017_C,148
TX_RESP_Q036_E,842
TX_RESP_Q037_E,1815
TX_RESP_Q002_F,360
TX_RESP_Q016_F,2199
TX_RESP_Q019_G,1317
TX_RESP_Q004_B,749
TX_RESP_Q004_H,582
TX_RESP_Q003_A,952
TX_RESP_Q003_C,966
CO_ORGAO_REGIONAL,667
DT_ANO_LETIVO_TERMINO,-997387863385964544
TP_REGULAMENTACAO,152
IN_ESGOTO_REDE_PUBLICA,30
IN_BANHEIRO_FORA_PREDIO,3
IN_BANHEIRO_DENTRO_PREDIO,107
IN_EQUIP_VIDEOCASSETE,14
IN_EQUIP_PARABOLICA,55
IN_EQUIP_IMPRESSORA_MULT,26
NU_EQUIP_IMPRESSORA,226
NU_EQUIP_FOTO,107
TX_RESP_Q040_B,117
TX_RESP_Q040_C,608
TX_RESP_Q046_C,462
TX_RESP_Q057_C,318
TX_RESP_Q059_D,213
TX_RESP_Q006_C,566
TX_RESP_Q007_C,461
TX_RESP_Q007_D,49
TX_RESP_Q008_D,26
TX_RESP_Q008_E,11
TX_RESP_Q011_E,5
TX_RESP_Q012_D,34
TX_RESP_Q014_A,160
TX_RESP_Q017_D,30
TX_RESP_Q017_E,21
TX_RESP_Q036_C,1722
TX_RESP_Q003_E,1070
TX_RESP_Q003_G,936
TX_RESP_Q003_H,877
CO_MICRORREGIAO,2943784
IN_PREDIO_COMPARTILHADO,4
IN_AGUA_FILTRADA,98
IN_AGUA_CACIMBA,22
IN_LIXO_QUEIMA,6
IN_SALA_ATENDIMENTO_ESPECIAL,15
IN_QUADRA_ESPORTES_DESCOBERTA,17
IN_BIBLIOTECA_SALA_LEITURA,88
IN_BANHEIRO_PNE,79
IN_AUDITORIO,30
IN_PATIO_DESCOBERTO,54
NU_SALAS_EXISTENTES,1125
IN_EQUIP_COPIADORA,75
IN_EQUIP_SOM,95
IN_EQUIP_MULTIMIDIA,106
IN_EQUIP_FAX,10
IN_EQUIP_FOTO,82
TP_AEE,5
TP_ATIVIDADE_COMPLEMENTAR,21
IN_FINAL_SEMANA,20
IN_COMUM_FUND_AI,2
IN_COMUM_FUND_AF,38
IN_COMUM_MEDIO_NORMAL,5
IN_COMUM_EJA_FUND,19
IN_COMUM_EJA_MEDIO,71
QtdeDocentesFCEM,1118
Valor Real Ideb,médiaacima da médiaabaixo da médiaacima da médiaacima da médiaabaixo da médiaacima da médiaabaixo da médiamédiaacima da médiaacima da médiaabaixo da médiaabaixo da médiaabaixo da médiamédiaacima da médiaabaixo da médiamédiaacima da médiaacima da médiaacima da médiaacima da médiaacima da médiaacima da médiaacima da médiaabaixo da médiaacima da médiaacima da médiaacima da médiaabaixo da médiaacima da médiaacima da médiaabaixo da médiaacima da médiaacima da médiaacima da médiaabaixo da médiaabaixo da médiamédiaabaixo da médiaabaixo da médiaabaixo da médiaacima da médiaabaixo da médiaabaixo da médiaabaixo da médiaabaixo da médiaabaixo da médiaabaixo da médiaacima da médiamédiaabaixo da médiaacima da médiaacima da médiaacima da médiaacima da médiaacima da médiaacima da médiaabaixo da médiaabaixo da médiaabaixo da médiaacima da médiaabaixo da médiaabaixo da médiaabaixo da médiaabaixo da médiaabaixo da médiaacima da médiaacima da médiaabaixo da médiaabaixo da médiaabaixo da médiaabaixo da médiaacima da médiaabaixo da médiaabaixo da médiaacima da médiaacima da médiaabaixo da médiaacima da médiaacima da médiaacima da médiaabaixo da médiaabaixo da médiamédiaabaixo da médiaacima da médiaabaixo da médiaacima da médiaacima da médiaabaixo da médiamédiamédiaabaixo da médiaabaixo da médiaacima da médiaacima da médiaacima da médiaacima da médiaacima da médiaabaixo da médiaabaixo da médiaacima da médiaabaixo da médiaabaixo da médiaabaixo da médiaacima da médiaacima da médiaabaixo da média
Previsão Ideb,médiaacima da médiaabaixo da médiaacima da médiaacima da médiaabaixo da médiaacima da médiaabaixo da médiamédiaacima da médiaacima da médiaabaixo da médiaabaixo da médiaabaixo da médiamédiaacima da médiaabaixo da médiamédiaacima da médiaacima da médiaacima da médiaacima da médiaacima da médiaacima da médiaacima da médiaabaixo da médiaacima da médiaacima da médiaacima da médiaabaixo da médiaacima da médiaacima da médiaabaixo da médiaacima da médiaacima da médiaacima da médiaabaixo da médiaabaixo da médiamédiaabaixo da médiaabaixo da médiaabaixo da médiaacima da médiaabaixo da médiaabaixo da médiaabaixo da médiaabaixo da médiaabaixo da médiaabaixo da médiaacima da médiamédiaabaixo da médiaacima da médiaacima da médiaacima da médiaacima da médiaacima da médiaacima da médiaabaixo da médiaabaixo da médiaabaixo da médiaacima da médiaabaixo da médiaabaixo da médiaabaixo da médiaabaixo da médiaabaixo da médiaacima da médiaacima da médiaabaixo da médiaabaixo da médiaabaixo da médiaabaixo da médiaacima da médiaabaixo da médiaabaixo da médiaacima da médiaacima da médiaabaixo da médiaacima da médiaacima da médiaacima da médiaabaixo da médiaabaixo da médiamédiaabaixo da médiaacima da médiaabaixo da médiaacima da médiaacima da médiaabaixo da médiamédiamédiaabaixo da médiaabaixo da médiaacima da médiaacima da médiaacima da médiaacima da médiaacima da médiaabaixo da médiaabaixo da médiaacima da médiaabaixo da médiaabaixo da médiaabaixo da médiaacima da médiaacima da médiaabaixo da média
